Kundennummer,Vorname,Nachname,Adresse,PLZ,Stadt,Land,Geburtsdatum,Geschlecht,Bildung
K00000,Luca,Kaltenböck,Stützgasse 9,5844,Gallneukirchen,Österreich,1954-08-26,Mann,Studium
K00001,Finn,Held,Mörthgasse 9,4552,Neumarkt am Wallersee,Österreich,1944-02-13,Frau,Matura
K00002,Carlotta,Griesser,Sandra-Dittrich-Straße 9/6,1744,Poysdorf,Österreich,1975-05-29,Mann,Lehre
K00003,Bastian,Ertl,Milo-Reithofer-Ring 91,3124,Althofen,Österreich,1971-07-16,Mann,Studium
K00004,Selina,Staudacher,Mayrhoferring 0/9,9973,Klosterneuburg,Österreich,1968-10-21,Frau,Matura
K00005,Thomas,Dallinger,Pröllplatz 7/3,8895,Poysdorf,Österreich,1957-09-18,Mann,Studium
K00006,Nathalie,Schönberger,Krugplatz 36,4051,Korneuburg,Österreich,1954-01-14,Frau,Lehre
K00007,Elona,Prinz,Anderlstr. 32,2217,Eisenerz,Österreich,2009-05-20,Mann,Lehre
K00008,Dilara,Hammer,Pehamgasse 48,6597,Wiener Neustadt,Österreich,1951-11-13,Mann,Matura
K00009,Melissa,Weinberger,Schöffmannstr. 5/9,8816,Pinkafeld,Österreich,2016-01-29,Mann,Lehre
K00010,Jan,Draxler,Tobias-Böhler-Weg 23,1082,Salzburg,Österreich,1994-09-20,Frau,Lehre
K00011,Robert,Mittermayr,Schneiderweg 15,2462,Sankt Andrä im Lavanttal,Österreich,1944-06-25,Mann,Lehre
K00012,Jana,Baumgartner,Wachterplatz 24,8178,Güssing,Österreich,1943-07-13,Mann,Matura
K00013,Josefine,Adler,Valentina-Zauner-Gasse 7,8913,Neumarkt am Wallersee,Österreich,1951-07-25,Mann,Matura
K00014,Arda,Koch,Benedict-Zehetner-Gasse 911,6770,Deutsch-Wagram,Österreich,1967-10-17,Frau,kein Schulabschluss
K00015,Mathilda,Edlinger,Paula-Schmidl-Weg 1,8518,Sankt Veit an der Glan,Österreich,1969-08-06,Frau,Lehre
K00016,Edda,Ender,Benedikt-Klausner-Straße 92,1409,Krems an der Donau,Österreich,2004-11-07,Mann,Studium
K00017,Nathan,Walser,Nussbaumerstraße 987,3927,Gerasdorf bei Wien,Österreich,2017-12-16,Divers,Studium
K00018,Anne,Sammer,Wernergasse 236,4855,Mautern an der Donau,Österreich,1944-01-27,Mann,Lehre
K00019,Antonius,Winkler,Hofingerring 05,8483,Landeck,Österreich,2012-01-24,Frau,Lehre
K00020,Sofia,Kronsteiner,Kristina-Wieser-Platz 432,7190,Gloggnitz,Österreich,1965-04-11,Mann,Matura
K00021,Clemens,Haid,Phillip-Schartner-Ring 546,8277,Haag,Österreich,2009-07-30,Mann,Studium
K00022,Veronika,Doppler,Staudingergasse 8/7,1152,Gleisdorf,Österreich,1993-07-24,Mann,Matura
K00023,Robert,Pauer,Haslingergasse 315,5230,Dornbirn,Österreich,1968-05-08,Mann,Matura
K00024,Lotta,Schinagl,Lia-Steidl-Ring 5/6,6294,Imst,Österreich,1997-07-27,Frau,Lehre
K00025,Timon,Braun,Natalia-Zangerl-Straße 0/2,1145,Traismauer,Österreich,2015-10-18,Divers,Matura
K00026,Ariane,Schachner,Salzmannstr. 3,3498,Mödling,Österreich,1975-09-18,Frau,Studium
K00027,Marie-Louise,Oberhofer,Bodnerplatz 5/1,2310,Wolkersdorf,Österreich,1940-11-03,Frau,Studium
K00028,Salma,Ackerl,Lotte-Neulinger-Gasse 2,6043,Pregarten,Österreich,1961-02-12,Mann,Lehre
K00029,Sophia,Dorn,Bruggerring 8,3691,Althofen,Österreich,1995-03-20,Mann,Lehre
K00030,Oliver,Sattler,Sophie-Staudacher-Platz 6,7318,Ferlach,Österreich,1983-08-06,Mann,Lehre
K00031,Joseph,Landl,Weningerstr. 6,1215,Stockerau,Österreich,1976-01-15,Frau,Lehre
K00032,Sandra,Steinbacher,Leitgebgasse 8/1,2050,Klosterneuburg,Österreich,1959-09-25,Mann,Matura
K00033,Louise,Reif,Nathalie-Mathis-Straße 772,3875,Steyr,Österreich,1967-08-02,Mann,Studium
K00034,Milo,Prem,Lily-Fröhlich-Ring 1/1,8307,Pregarten,Österreich,1983-12-16,Mann,Studium
K00035,Rosalie,Schenk,Cristiano-Kammerer-Ring 84,4185,Murau,Österreich,1954-02-15,Frau,Lehre
K00036,Angela,Peer,Geyerstraße 7,3382,Bischofshofen,Österreich,1951-05-21,Mann,Studium
K00037,Ellie,Schilcher,Rinnerstraße 8,8243,Eggenburg,Österreich,1988-05-19,Frau,Matura
K00038,Valentina,Hauer,Rieserstr. 799,4680,Oberwart,Österreich,1952-10-19,Frau,Lehre
K00039,Natascha,Sagmeister,Janine-Maurer-Ring 5/2,5084,Oberpullendorf,Österreich,1985-11-01,Mann,Lehre
K00040,Nils,Fellner,Kollerstr. 95,5592,Ried im Innkreis,Österreich,1985-02-03,Frau,Matura
K00041,Mira,Gangl,Kesslerstr. 3,7982,Berndorf,Österreich,2017-03-24,Mann,Lehre
K00042,Mona,Vogel,Lena-Weninger-Ring 04,8921,Groß-Enzersdorf,Österreich,1973-06-30,Mann,Lehre
K00043,Karina,Nöbauer,Kappelgasse 8,4575,Laakirchen,Österreich,1946-03-02,Frau,Matura
K00044,Felix,Farkas,Paulplatz 6,9643,Eisenerz,Österreich,1999-02-14,Frau,Matura
K00045,Milo,Lettner,Andrea-Mann-Ring 09,8609,Spittal an der Drau,Österreich,2008-11-30,Mann,Matura
K00046,Matteo,Koppensteiner,Henri-Zeilinger-Weg 8/9,4152,Zeltweg,Österreich,1956-02-17,Frau,Matura
K00047,Florian,Dangl,Konrad-Feigl-Gasse 7/4,2828,Oberndorf bei Salzburg,Österreich,1989-03-02,Frau,Matura
K00048,Marko,Stöckl,Nikola-Greiner-Weg 91,6717,Traiskirchen,Österreich,1950-12-16,Frau,Lehre
K00049,Theo,Feichtner,Prinzstraße 1,3568,Traun,Österreich,2010-10-30,Mann,Lehre
K00050,Darko,Pointner,Tom-Hoffmann-Gasse 388,3875,Korneuburg,Österreich,1977-07-11,Mann,Matura
K00051,Aurora,Kaltenbrunner,Glatzweg 17,6042,Feldkirchen,Österreich,2020-09-07,Mann,Matura
K00052,Lisa,Baumann,Oswaldstraße 4,4953,Trieben,Österreich,2020-01-05,Frau,Lehre
K00053,Arthur,Klinger,Kristina-Parzer-Gasse 019,7892,Bleiburg,Österreich,1986-04-14,Mann,Matura
K00054,Nikola,Loibl,Waltergasse 206,5158,Eferding,Österreich,2013-12-22,Mann,Lehre
K00055,Isabelle,Lintner,Rainerweg 599,5407,Altheim,Österreich,1964-04-20,Mann,Lehre
K00056,Sofija,Marte,Scholzring 6,7345,Attnang-Puchheim,Österreich,1948-12-10,Frau,Studium
K00057,Oliver,Rechberger,Claudia-Prohaska-Gasse 032,3647,Rottenmann,Österreich,1946-03-03,Frau,Studium
K00058,Matheo,Rosenberger,Alice-Seifert-Weg 5/4,9062,Groß-Enzersdorf,Österreich,1969-08-19,Frau,Lehre
K00059,Violetta,Geyer,Nöbauerstraße 5/5,7006,Bleiburg,Österreich,1977-09-13,Frau,Matura
K00060,Finn,Mörth,Catharina-Ertl-Gasse 5/5,1393,Bad Hall,Österreich,1951-02-08,Frau,Studium
K00061,Friedrich,Reif,Emanuela-Fröschl-Gasse 859,9711,Jennersdorf,Österreich,1969-10-29,Mann,Lehre
K00062,Kyra,Hämmerle,Schwaigerring 6,6218,Frohnleiten,Österreich,1952-12-15,Mann,Lehre
K00063,Elisa,Schubert,Evelyn-Knoll-Straße 6,8568,Drosendorf-Zissersdorf 1,Österreich,1988-05-13,Frau,Studium
K00064,Max,Rauscher,Peter-Klocker-Straße 1/2,3188,Althofen,Österreich,1975-09-24,Mann,Matura
K00065,Richard,Held,Bachingerstr. 83,4687,Allentsteig,Österreich,1998-07-27,Mann,Lehre
K00066,Gloria,Kronsteiner,Emmanuel-Prem-Platz 6,1250,Schrems,Österreich,1986-10-25,Mann,Lehre
K00067,Patrik,Dorfer,Richterplatz 917,6665,Fischamend,Österreich,1960-11-20,Frau,Lehre
K00068,Elisa,Schöberl,Pflegerstraße 6,5015,Rottenmann,Österreich,1987-08-13,Frau,Matura
K00069,Tristan,Neubacher,Reischlring 49,8832,Allentsteig,Österreich,1986-02-20,Mann,Studium
K00070,Melanie,Berthold,Pascal-Rettenbacher-Weg 596,9360,Hall in Tirol,Österreich,1966-09-25,Divers,Lehre
K00071,Pascal,Mitterer,Natan-Reinprecht-Ring 5/0,3316,Waidhofen an der Ybbs,Österreich,1974-06-29,Frau,Lehre
K00072,Antonius,Rottensteiner,Florentina-Wirth-Gasse 1,9518,Attnang-Puchheim,Österreich,1950-02-14,Mann,kein Schulabschluss
K00073,Karim,Scheiber,Feichterstr. 7/1,6381,Voitsberg,Österreich,2018-03-18,Frau,Matura
K00074,Alma,Wieland,Carolina-Reinisch-Gasse 13,6663,Eggenburg,Österreich,1961-07-23,Mann,Lehre
K00075,Isabella,Kopf,Milan-Hauer-Straße 520,3473,Rohrbach in Oberösterreich,Österreich,2009-02-25,Frau,Lehre
K00076,Vivian,Held,Scharingerplatz 5,1386,Dürnstein,Österreich,1971-06-25,Mann,Matura
K00077,Isa,Strohmeier,Rieserweg 7,9165,Grein,Österreich,1960-06-13,Divers,Lehre
K00078,Violetta,List,Hübnerplatz 97,2797,Perg,Österreich,1999-09-05,Frau,Matura
K00079,Marcel,Schuster,Rablstr. 68,4041,Gleisdorf,Österreich,1989-03-13,Mann,Matura
K00080,Julian,Rainer,Leontina-Neuhold-Weg 190,7874,Sankt Veit an der Glan,Österreich,1974-08-07,Mann,Matura
K00081,Salma,Löffler,Ludwigplatz 8,9788,Eggenburg,Österreich,2011-06-17,Frau,Matura
K00082,Lola,Hattinger,Doblerplatz 795,7784,Waidhofen an der Ybbs,Österreich,1968-07-30,Mann,Studium
K00083,Mara,Mairhofer,Annabelle-Santner-Platz 2/5,5113,Bleiburg,Österreich,1981-06-03,Mann,Lehre
K00084,Naomi,Neureiter,Karnerring 162,8267,Steyregg,Österreich,1947-10-14,Mann,Matura
K00085,Christopher,Pröll,Forsterweg 09,3322,Völkermarkt,Österreich,1969-12-07,Frau,kein Schulabschluss
K00086,Lino,Gmeiner,Grasserstr. 16,2958,Liezen,Österreich,1944-12-03,Frau,Lehre
K00087,Frida,Fercher,Rossmannring 748,4778,Freistadt,Österreich,1980-08-17,Frau,Lehre
K00088,Lily,Klaus,Levi-Trinkl-Platz 6/3,9693,Schwanenstadt,Österreich,1991-12-04,Frau,Lehre
K00089,Eduard,Eberhard,Danningerstraße 932,5160,Altheim,Österreich,1974-05-03,Frau,Lehre
K00090,Constantin,Schinnerl,Frickweg 987,9756,Dürnstein,Österreich,1948-11-18,Mann,Lehre
K00091,Mathilda,Gasser,Reinthalerring 85,3868,Gmunden,Österreich,1967-08-02,Frau,Studium
K00092,Marissa,Staudinger,Manuel-Tiefenbacher-Gasse 38,7979,Schärding,Österreich,2012-06-26,Mann,Matura
K00093,Raffaela,Schwarz,Leontina-Kapeller-Gasse 622,4563,Lilienfeld,Österreich,1980-12-09,Frau,Matura
K00094,Stefanie,Riegler,Karina-Fasching-Platz 4,6236,Schwechat,Österreich,1967-08-27,Frau,Lehre
K00095,Angelo,Pirker,Lammerring 7/7,3417,Mautern an der Donau,Österreich,2003-08-28,Mann,Studium
K00096,Kyra,Lichtenegger,Reitingerstr. 41,8823,Mariazell,Österreich,1990-04-28,Frau,Matura
K00097,Selin,Kain,Marco-Meusburger-Gasse 3,7187,Fürstenfeld,Österreich,1998-05-07,Mann,Lehre
K00098,Mila,Aigner,Marcel-Schwendinger-Weg 51,7136,Laa an der Thaya,Österreich,1958-11-01,Frau,Studium
K00099,Lars,Zeiner,Puntigamstr. 6/9,8130,Rohrbach in Oberösterreich,Österreich,1973-07-06,Frau,Matura
K00100,Aylin,Pauer,Meusburgerstr. 9/6,6585,Friedberg,Österreich,1957-04-16,Frau,Lehre
K00101,Violetta,Sommer,Prantlring 1/1,9226,Radstadt,Österreich,1971-06-19,Mann,Studium
K00102,Rachel,Nöbauer,Riegerring 7/3,4437,Gloggnitz,Österreich,2011-09-17,Frau,kein Schulabschluss
K00103,John,Schuh,Kummergasse 45,7452,Laa an der Thaya,Österreich,2008-11-10,Mann,Matura
K00104,Matteo,Altmann,Andjelina-Paulitsch-Ring 3,1980,Innsbruck,Österreich,1973-06-24,Mann,Lehre
K00105,Oscar,Rath,Pehamring 50,2598,Neulengbach,Österreich,2014-05-15,Frau,Matura
K00106,Amanda,Buchberger,Anna-Maria-Rössler-Weg 2/6,3880,Oberwart,Österreich,1994-11-06,Frau,Lehre
K00107,Anita,Engl,Kratzerring 7,9736,Neumarkt am Wallersee,Österreich,2014-10-31,Frau,Lehre
K00108,Pauline,Graf,Hummelstraße 3/0,8175,Bleiburg,Österreich,1992-02-26,Mann,Matura
K00109,Igor,Haller,Claudia-Meyer-Weg 4/3,4024,Allentsteig,Österreich,1987-01-30,Frau,Studium
K00110,Mina,Schmid,Pendlplatz 0/1,8441,Grein,Österreich,1968-11-02,Frau,Matura
K00111,Mira,Pollak,Klara-Reinisch-Ring 1,8474,Friedberg,Österreich,1957-09-26,Mann,Lehre
K00112,Axel,Stelzl,Sagmeisterplatz 9,3659,Straßburg,Österreich,2006-03-01,Mann,Lehre
K00113,Roman,Zenz,Theo-Baier-Platz 16,1564,Stadtschlaining,Österreich,2003-04-26,Divers,Lehre
K00114,Amanda,Heinrich,Theodor-Bitschnau-Straße 9/5,9213,Eferding,Österreich,1951-11-08,Frau,Matura
K00115,Lily,Moritz,Lola-Rohrmoser-Ring 5/3,9763,Klagenfurt,Österreich,1947-03-21,Frau,Matura
K00116,Aleksandra,Eberhard,Stelzerplatz 6,7310,Grein,Österreich,1955-01-23,Frau,Matura
K00117,Christoph,Gschwandtner,Kummerweg 461,9369,Neumarkt am Wallersee,Österreich,1959-05-08,Mann,Matura
K00118,Andjelina,Ecker,Kellnerring 3,3755,Wieselburg,Österreich,2020-07-04,Mann,kein Schulabschluss
K00119,Gabriel,Schindler,Käferstraße 748,3546,Gmünd,Österreich,1960-05-11,Frau,Lehre
K00120,Leticia,Kraxner,Daniela-Ofner-Platz 01,4791,Zwettl,Österreich,1995-02-14,Frau,Studium
K00121,Florian,Lipp,Rebecca-Engel-Weg 1/8,4171,Altheim,Österreich,2016-12-14,Frau,Lehre
K00122,Selin,Kraft,Nageleplatz 8,7757,Berndorf,Österreich,1948-07-20,Mann,Studium
K00123,Lina,Doppler,Bucheggerstraße 5/1,3600,Geras,Österreich,1989-12-31,Mann,Studium
K00124,Karina,Pfeiffer,Rathweg 6/9,6834,Zwettl,Österreich,1988-08-13,Divers,Studium
K00125,Lucia,Putz,Hoferstraße 1,9355,Retz,Österreich,2016-12-27,Mann,Lehre
K00126,Naomi,Teufl,Müllnerstraße 0/7,9321,Neumarkt am Wallersee,Österreich,2000-03-16,Frau,Lehre
K00127,Martin,Simic,Voglerplatz 5,1157,Bad Aussee,Österreich,2007-09-18,Mann,Matura
K00128,Mona,Hofinger,Haberlplatz 048,7578,Bärnbach,Österreich,1972-12-13,Frau,Matura
K00129,Lydia,Kreuzer,Milo-Zauner-Gasse 1,2795,Retz,Österreich,2010-08-02,Frau,Lehre
K00130,Raphael,Humer,Pirkerstr. 0/7,2402,Leibnitz,Österreich,1942-01-13,Frau,Studium
K00131,Tamara,Rohrmoser,Rohrergasse 68,3166,Waidhofen an der Ybbs,Österreich,1954-04-20,Mann,Matura
K00132,Violetta,Thaler,Krammerstr. 973,8017,Traiskirchen,Österreich,2008-08-07,Frau,Matura
K00133,Lucia,Trummer,Puchnergasse 476,5364,Zell am See,Österreich,1974-08-22,Frau,Matura
K00134,Salma,Schmölzer,Kuglerweg 033,8885,Feldbach,Österreich,1983-03-24,Mann,Lehre
K00135,Xavier,Stock,Aichingerplatz 11,6922,Bad Vöslau,Österreich,1955-01-30,Frau,Studium
K00136,Nikolina,Moosbrugger,Reschring 17,1020,Deutsch-Wagram,Österreich,1978-03-18,Frau,Studium
K00137,Cristiano,Heinrich,Ellerring 9/8,5757,Poysdorf,Österreich,1995-04-07,Frau,Matura
K00138,Justin,Hainzl,Steven-Klocker-Straße 2/0,3523,Maissau,Österreich,1960-08-27,Frau,Matura
K00139,Nisa,Heinrich,Julia-Laimer-Ring 8,6790,Völkermarkt,Österreich,1998-07-09,Frau,Matura
K00140,Ronja,Puchner,Hintereggergasse 96,1065,Kapfenberg,Österreich,1940-07-29,Frau,Lehre
K00141,Sabine,Fellner,Jonathan-Peter-Gasse 6,9008,Linz,Österreich,1973-07-14,Mann,Lehre
K00142,Amelia,Strasser,Klinglergasse 0,3105,Waidhofen an der Ybbs,Österreich,2004-05-03,Frau,kein Schulabschluss
K00143,Florentina,Kain,William-Thalhammer-Platz 402,6399,Attnang-Puchheim,Österreich,1962-12-17,Mann,Matura
K00144,Marius,Nussbaumer,Rienerring 918,1429,Sankt Valentin,Österreich,2005-02-10,Mann,Matura
K00145,Liliane,Bachmann,Leticia-Schwarz-Weg 6/3,5139,Bruck an der Mur,Österreich,1954-03-16,Mann,kein Schulabschluss
K00146,Nico,Schönauer,Mina-Haiden-Gasse 0/0,4438,Purkersdorf,Österreich,2020-05-01,Frau,Lehre
K00147,Gregor,Konrad,Nikolas-Eichinger-Straße 877,5949,Eisenstadt,Österreich,1978-10-11,Mann,Matura
K00148,Boris,Held,Bacherplatz 631,3097,Litschau,Österreich,2004-08-01,Frau,Lehre
K00149,Antonius,Bösch,Madeleine-Grabher-Platz 960,5584,Mattighofen,Österreich,2018-02-21,Frau,Lehre
K00150,Lorena,Salcher,Mairhoferplatz 92,4151,Eferding,Österreich,1965-06-16,Mann,Matura
K00151,Ylvie,Farkas,Rayana-Geiger-Weg 38,2726,Ebreichsdorf,Österreich,1959-06-09,Frau,Matura
K00152,Nicola,Tauber,Listring 1,3848,Peuerbach,Österreich,1987-04-13,Frau,Studium
K00153,Clara,Reicher,Emilie-Braun-Gasse 97,5964,Groß-Siegharts,Österreich,1960-08-29,Frau,Lehre
K00154,Dora,Schaller,Katarina-Spreitzer-Straße 2/5,8062,Marchtrenk,Österreich,2010-01-25,Frau,Lehre
K00155,Klara,Schandl,Eleonora-Heller-Straße 1/8,4403,Bregenz,Österreich,2007-03-24,Mann,Lehre
K00156,Nikola,Langer,Ylvie-Kölbl-Ring 0/7,5687,Gföhl,Österreich,1940-08-16,Mann,Studium
K00157,Manuela,Leibetseder,Leni-Greiner-Ring 0,1415,Groß-Gerungs,Österreich,2016-04-10,Frau,Matura
K00158,Pauline,Zeiler,Klugweg 55,5069,Bregenz,Österreich,1981-03-24,Mann,Lehre
K00159,Nikola,Fellinger,Meixnerplatz 83,4956,Dornbirn,Österreich,2003-01-03,Mann,Lehre
K00160,Bernhard,Schäfer,Tobias-Bauer-Ring 714,9208,Gleisdorf,Österreich,1943-03-08,Frau,Matura
K00161,Irma,Burtscher,Aylin-Baumann-Gasse 9,3248,Bärnbach,Österreich,1954-05-26,Frau,Lehre
K00162,Lotta,Klocker,Lara-Unger-Ring 09,3634,Deutschlandsberg,Österreich,1986-05-29,Frau,Matura
K00163,Jannis,Farkas,Engelring 654,4752,Wien,Österreich,1979-07-15,Frau,Matura
K00164,Paula,Pühringer,Sonja-Schuler-Weg 7,7395,Wieselburg,Österreich,1970-06-08,Mann,Lehre
K00165,Nikolai,Wallner,Marcel-Lindorfer-Ring 2/3,9983,Dornbirn,Österreich,1947-12-06,Mann,Matura
K00166,Louisa,Schachner,Pascal-Vogel-Weg 010,3977,Wolfsberg,Österreich,1970-06-13,Mann,Lehre
K00167,Anne,Schmuck,Emil-Grabner-Weg 59,4447,Knittelfeld,Österreich,2013-03-08,Mann,kein Schulabschluss
K00168,Lino,Feichtenschlager,Carl-Muhr-Gasse 1/0,8534,Sankt Veit an der Glan,Österreich,1951-01-04,Frau,Matura
K00169,Lina,Tanzer,Handlplatz 0,2858,Hardegg,Österreich,1950-08-20,Mann,Lehre
K00170,Barbara,Zeiner,Walchstraße 7,8988,Laakirchen,Österreich,2002-05-05,Frau,Matura
K00171,Esther,Unterberger,Niklas-Unterberger-Ring 4,6163,Wieselburg,Österreich,1949-01-13,Mann,Lehre
K00172,Ela,Kriegl,Hödlring 5,2550,Fischamend,Österreich,2008-05-19,Mann,Matura
K00173,Jasmina,Tischler,Mathilda-Haider-Weg 39,3088,Klagenfurt,Österreich,1956-12-12,Frau,kein Schulabschluss
K00174,Laetitia,Maier,Patricia-Schimpl-Platz 6,6323,Bad Leonfelden,Österreich,1956-07-10,Mann,Matura
K00175,Aurelia,Mitterlehner,Nele-Juen-Straße 36,8769,Frauenkirchen,Österreich,2000-04-26,Frau,Studium
K00176,Laurin,Bürger,Lassnigplatz 6,2604,Drosendorf-Zissersdorf 1,Österreich,2010-09-24,Frau,Lehre
K00177,Julian,Schneider,Andrej-Fink-Ring 511,6555,Vils,Österreich,1961-09-07,Mann,Matura
K00178,Mert,Schwarzl,Leandra-Niederl-Gasse 6,6526,Bischofshofen,Österreich,1973-05-29,Mann,Matura
K00179,Natascha,Sperl,Haslingerring 75,6864,Kufstein,Österreich,2007-08-21,Frau,Matura
K00180,Barbara,Kugler,Clara-Hammerer-Gasse 4,9453,Mureck,Österreich,2017-05-19,Mann,Matura
K00181,Kristian,Sailer,Alexandra-Guggenberger-Gasse 0,6318,Neulengbach,Österreich,1994-12-16,Mann,Matura
K00182,Jasmina,Payer,Ungerring 9,4169,Neusiedl am See,Österreich,1967-10-25,Frau,Lehre
K00183,Irma,Kloiber,Ajna-Gamsjäger-Ring 1/3,9031,Oberpullendorf,Österreich,2009-06-02,Divers,Studium
K00184,Heinrich,Haderer,Pockplatz 21,6398,Baden,Österreich,1966-02-07,Mann,Lehre
K00185,Kilian,Kerschbaumer,Dennis-Pfleger-Platz 55,8234,Maissau,Österreich,1979-06-14,Mann,kein Schulabschluss
K00186,Milica,Frank,Wilhelmgasse 71,5328,Friedberg,Österreich,1991-12-19,Mann,Matura
K00187,Miriam,Pacher,Krainzstr. 604,7355,Dürnstein,Österreich,1987-03-27,Mann,Lehre
K00188,Madeleine,Brunner,Ariana-Hammerl-Weg 10,9531,Mürzzuschlag,Österreich,1996-04-30,Frau,kein Schulabschluss
K00189,Samuel,Humer,Strohmayerstr. 91,2124,Kufstein,Österreich,2006-05-08,Frau,Lehre
K00190,Angelo,Strasser,Constantin-Pfister-Platz 8/6,8919,Vils,Österreich,1997-07-17,Mann,Matura
K00191,Valentina,Lenz,Neuhausergasse 090,5037,Mank,Österreich,1955-11-26,Frau,Studium
K00192,Ella,Reisinger,Mona-Fiedler-Straße 878,9330,Kapfenberg,Österreich,1971-05-12,Frau,Studium
K00193,Henry,Bernhard,Hubmannweg 098,2549,Bad Hall,Österreich,1969-01-15,Mann,Lehre
K00194,Alma,Seifert,Kastnerstraße 206,3146,Leibnitz,Österreich,1948-06-15,Frau,Studium
K00195,Esther,Schuller,Schöpfstraße 7/5,3687,Deutschlandsberg,Österreich,1983-04-16,Divers,Lehre
K00196,Damian,Harrer,Schlosserring 184,1058,Neusiedl am See,Österreich,1942-11-28,Mann,Matura
K00197,Maksim,Varga,Seebacherweg 89,5433,Schrems,Österreich,2016-01-16,Mann,Studium
K00198,Lara-Sophie,Pfleger,Lassniggasse 170,8212,Langenlois,Österreich,2010-07-23,Frau,Lehre
K00199,Paula,Schuler,Tafernerplatz 4,4179,Wolkersdorf,Österreich,1969-05-26,Frau,Matura
K00200,Marissa,Schartner,Waldnerstr. 1,3326,Saalfelden am Steinernen Meer,Österreich,2015-11-06,Mann,Studium
K00201,Nikolina,Erlacher,Filip-Geier-Gasse 9/3,5973,Rust,Österreich,1968-08-26,Frau,Studium
K00202,Dennis,Tauber,Sam-Rauch-Platz 00,7209,Gänserndorf,Österreich,1940-03-27,Mann,Studium
K00203,Maida,Zöhrer,Böhlerring 796,2317,Mödling,Österreich,1949-06-20,Mann,kein Schulabschluss
K00204,Jamie,Heger,Jessica-Stock-Ring 1,4098,Wiener Neustadt,Österreich,2020-09-21,Frau,Lehre
K00205,Martha,Buchberger,Grillweg 7,7926,Eggenburg,Österreich,1947-12-07,Mann,Studium
K00206,Julia,Staudinger,Keplingerweg 668,4781,Güssing,Österreich,1969-11-24,Frau,Matura
K00207,Esther,Zeiner,Kralstr. 8/4,4619,Linz,Österreich,1949-02-18,Frau,Lehre
K00208,Henry,Wittmann,Haslingerweg 367,4077,Hardegg,Österreich,1944-07-19,Mann,Lehre
K00209,Elyas,Haberl,Pascal-Guggenberger-Ring 42,1146,Eisenstadt,Österreich,1982-09-02,Frau,Matura
K00210,Mina,Reitbauer,Goschstraße 1/6,5841,Deutschlandsberg,Österreich,1949-06-29,Frau,Matura
K00211,Sophia,Fellinger,Kirchnerring 4,8914,Kapfenberg,Österreich,2005-06-24,Mann,Matura
K00212,Lisa,Draxler,Ganglstraße 617,2767,Grieskirchen,Österreich,1970-05-25,Mann,Matura
K00213,Sabine,Fiedler,Meixnerstr. 6,9303,Gloggnitz,Österreich,1975-12-30,Mann,Studium
K00214,Lucas,Eder,Fabio-König-Weg 1,8492,Gerasdorf bei Wien,Österreich,2002-09-12,Mann,Lehre
K00215,Alice,Paier,Postlplatz 5/7,2343,Judenburg,Österreich,1967-06-15,Mann,Matura
K00216,Michael,Payer,Zoey-Binder-Gasse 37,6402,Hainfeld,Österreich,2009-06-01,Frau,Lehre
K00217,Caroline,Kraxner,Linda-Reitinger-Weg 6,6724,Gallneukirchen,Österreich,1956-11-10,Mann,Matura
K00218,Sara,Augustin,Reinerstraße 37,9395,Jennersdorf,Österreich,2013-12-29,Mann,Studium
K00219,Melina,Hahn,Linus-Hammerer-Weg 1,9952,Gmunden,Österreich,2014-03-01,Frau,Lehre
K00220,Kristina,Hemetsberger,Paulina-Röck-Ring 544,2368,Scheibbs,Österreich,2000-10-16,Mann,Studium
K00221,Natalia,Simic,Ines-Binder-Straße 90,8405,Mattersburg,Österreich,1972-02-28,Mann,Lehre
K00222,Louisa,Rossmann,Jahnring 5,8835,Wolfsberg,Österreich,2001-02-19,Frau,Studium
K00223,Benedict,Oberndorfer,Samuel-Nußbaumer-Straße 2/3,2632,Wiener Neustadt,Österreich,1993-02-02,Divers,Matura
K00224,Lotte,Schrittwieser,Alan-Ostermann-Ring 0,9116,Bärnbach,Österreich,1964-10-19,Mann,Lehre
K00225,Martina,Friedl,Seiwaldstr. 3/1,5585,Neunkirchen,Österreich,1952-11-25,Frau,Matura
K00226,Angelina,Bodner,Aleksandra-Wöhrer-Weg 7,4578,Wieselburg,Österreich,1953-01-13,Mann,Studium
K00227,Rachel,Schrammel,Mayerring 056,9979,Sankt Valentin,Österreich,1995-11-15,Mann,Matura
K00228,Viola,Lammer,Kyra-Keplinger-Gasse 007,2302,Neumarkt am Wallersee,Österreich,1985-04-03,Mann,Matura
K00229,Leandra,Zenz,Ylvie-Dorn-Weg 8,2622,Gleisdorf,Österreich,1994-10-08,Mann,Lehre
K00230,Lucie,Klammer,Rebecca-Reinbacher-Gasse 703,7204,Wilhelmsburg,Österreich,1992-10-26,Mann,Matura
K00231,Yasmina,Krammer,Putzring 396,2066,Perg,Österreich,1999-04-21,Frau,Matura
K00232,Marissa,Löffler,Verena-Veit-Gasse 854,1610,Mürzzuschlag,Österreich,1947-02-18,Divers,Lehre
K00233,Malena,Grundner,Langring 8,2521,Frauenkirchen,Österreich,1953-01-06,Mann,Studium
K00234,Maida,Stockhammer,Eva-Gamsjäger-Gasse 2/9,7377,Lilienfeld,Österreich,1947-06-09,Mann,Studium
K00235,Ronya,Griesser,Köhlerplatz 5/0,1474,Steyr,Österreich,1991-08-05,Mann,Studium
K00236,Carla,Macher,Franziska-Kager-Weg 4/2,4391,Gleisdorf,Österreich,1983-05-20,Mann,Studium
K00237,Laureen,Sommer,Lechnerstr. 3,9640,Gföhl,Österreich,1953-11-05,Frau,Studium
K00238,Frederik,Pöll,Zoe-Steinkellner-Ring 0/5,5320,Bad Sankt Leonhard im Lavanttal,Österreich,1971-09-10,Mann,Matura
K00239,Jamie,Strobl,Hellweg 8/3,7874,Laakirchen,Österreich,1964-07-07,Divers,Matura
K00240,Florin,Steidl,Lettnerplatz 996,6959,Litschau,Österreich,1965-02-08,Frau,Matura
K00241,Tobias,Reindl,Lippstraße 5,8495,Kindberg,Österreich,2008-08-24,Mann,Matura
K00242,Esther,Käfer,Merlin-Dorn-Straße 4/7,1638,Stockerau,Österreich,1997-10-29,Frau,Studium
K00243,Emma,Beck,Gloria-Haid-Weg 679,4026,Fürstenfeld,Österreich,1958-01-11,Mann,Lehre
K00244,Manuela,Widhalm,Mert-Reichel-Weg 3,6799,Hardegg,Österreich,1995-01-23,Frau,Studium
K00245,Josef,Prem,Bastian-Hainzl-Gasse 51,3242,Ybbs an der Donau,Österreich,1964-02-06,Mann,Matura
K00246,Tobias,Brunner,Julius-Kohl-Straße 1,8660,Wolkersdorf,Österreich,1975-12-26,Mann,Lehre
K00247,Matilda,Steindl,Rieserstr. 9,2669,Rottenmann,Österreich,1999-05-14,Mann,Lehre
K00248,Clarissa,Zotter,Ferdinand-Schmidinger-Gasse 021,4465,Hall in Tirol,Österreich,1971-11-17,Frau,Lehre
K00249,Noel,Suppan,Luttenbergergasse 76,7225,Enns,Österreich,1950-03-10,Divers,Studium
K00250,Eva,Burger,Mariam-Berchtold-Weg 1,2905,Pöchlarn,Österreich,1996-04-11,Frau,Matura
K00251,Norah,Kloiber,Eiblstr. 8/2,7472,Eferding,Österreich,2010-05-26,Mann,Studium
K00252,Victoria,Mohr,Annabell-Hirsch-Weg 0/5,5939,Attnang-Puchheim,Österreich,1952-07-18,Frau,Lehre
K00253,Maida,Riepl,Karl-Lackner-Straße 68,5607,Murau,Österreich,1946-08-31,Frau,Studium
K00254,Milica,Weigl,Leibetsederstr. 240,3119,Krems an der Donau,Österreich,2009-06-05,Frau,Matura
K00255,Leoni,Punz,Leni-Handl-Straße 2/1,1297,Hartberg,Österreich,1941-04-28,Frau,Lehre
K00256,Justin,Riedl,Ronya-Klammer-Ring 2/8,4933,Schärding,Österreich,1951-08-07,Frau,Studium
K00257,Sandro,Kohl,Frischweg 9,7311,Zistersdorf,Österreich,1970-04-26,Mann,kein Schulabschluss
K00258,Evelyn,Mörth,Lerchplatz 58,8853,Leibnitz,Österreich,1961-06-02,Mann,Studium
K00259,Liliane,Zauner,Gindlweg 72,3113,Friesach,Österreich,1992-04-24,Divers,Lehre
K00260,Cristiano,Metzler,Boris-Lampert-Straße 59,1752,Mannersdorf am Leithagebirge,Österreich,2002-05-28,Frau,Lehre
K00261,Yasmina,Knapp,Lotta-Oberhofer-Platz 278,4369,Groß-Siegharts,Österreich,2001-10-18,Divers,Studium
K00262,Veronika,Schweighofer,Claire-Larcher-Gasse 057,3923,Ried im Innkreis,Österreich,1968-01-22,Frau,Matura
K00263,Marie-Louise,Rausch,Kai-Füreder-Gasse 9/6,5834,Feldkirchen,Österreich,1991-08-15,Mann,Lehre
K00264,Lorenz,Hochleitner,Armin-Heinz-Ring 06,7927,Graz,Österreich,1947-05-26,Mann,Studium
K00265,Timon,Strohmayer,Sagmeisterplatz 9,8539,Ebenfurth,Österreich,1961-11-12,Frau,Studium
K00266,Konrad,Pollak,Haberlring 482,6569,Sankt Pölten,Österreich,1988-07-28,Divers,Matura
K00267,Andrea,Kohl,Glückplatz 8,8335,Geras,Österreich,1940-07-22,Frau,Studium
K00268,Nikola,Heindl,Liliane-Weinberger-Platz 27,8878,Villach,Österreich,1989-12-31,Frau,Lehre
K00269,Jamie,Meyer,Hartmannring 7/0,4853,Neulengbach,Österreich,1974-03-03,Mann,Lehre
K00270,David,Nemeth,Leontina-Plank-Ring 51,7685,Althofen,Österreich,1998-04-09,Frau,Matura
K00271,Ruth,Grünberger,Leitgebstraße 7,4769,Baden,Österreich,1976-09-28,Mann,Matura
K00272,Jacob,Lang,Wilhelmstr. 9,2794,Ferlach,Österreich,1994-10-18,Frau,Lehre
K00273,Hannah,Haidinger,Patrik-Achleitner-Weg 0/6,8312,Knittelfeld,Österreich,2011-05-26,Mann,Matura
K00274,Elisa,Landl,Alice-Mann-Straße 906,9338,Groß-Gerungs,Österreich,2003-02-02,Frau,Matura
K00275,Lukas,Kreidl,Angelika-Neumann-Platz 104,5408,Perg,Österreich,1959-04-06,Frau,Studium
K00276,Irina,Windhager,Lilly-Rath-Gasse 7,2616,Eisenerz,Österreich,1964-08-18,Frau,Matura
K00277,Joseph,Lindner,Marius-Lorenz-Gasse 9/3,5258,Mattersburg,Österreich,1977-04-07,Frau,Lehre
K00278,Eva,Loibl,Steinbergerstr. 8/7,3934,Zell am See,Österreich,1967-07-31,Mann,kein Schulabschluss
K00279,Ricardo,Hauser,Jasper-Gschaider-Ring 23,1789,Bärnbach,Österreich,1947-07-15,Frau,Matura
K00280,Veronika,Rausch,Lorena-Enzinger-Platz 9,7816,Zistersdorf,Österreich,2014-12-03,Frau,Lehre
K00281,Melisa,Eder,Ellerplatz 00,1022,Schwanenstadt,Österreich,2010-03-19,Mann,kein Schulabschluss
K00282,Ina,Bodner,Laurin-Schönauer-Ring 54,1337,Bleiburg,Österreich,1947-06-10,Mann,Matura
K00283,Felicitas,Aigner,Sabrina-Weidinger-Platz 00,4243,Leoben,Österreich,1980-09-20,Mann,Lehre
K00284,Theo,Hubmann,Reischlring 2/6,8487,Kindberg,Österreich,1947-08-29,Frau,Lehre
K00285,Carla,Veit,Maurice-Haslauer-Gasse 9/4,4892,Sankt Veit an der Glan,Österreich,1946-06-03,Frau,Matura
K00286,Robert,Knoll,Ajna-Wurzer-Platz 12,1146,Hartberg,Österreich,2014-06-07,Mann,Matura
K00287,Sonja,Winkler,Thallergasse 158,8689,Dornbirn,Österreich,2002-01-09,Frau,Studium
K00288,Marta,Widmann,Kurzmannring 18,5032,Enns,Österreich,2005-01-06,Mann,Studium
K00289,Sebastian,Bader,Schlöglgasse 84,1416,Berndorf,Österreich,2008-01-06,Frau,Lehre
K00290,Simon,Altmann,Nikolas-Eberharter-Platz 4/3,7218,Güssing,Österreich,1960-07-11,Mann,Studium
K00291,Jamie,Scheer,Stephan-Seidl-Platz 48,6663,Klosterneuburg,Österreich,1947-12-12,Frau,Lehre
K00292,Nathan,Sattler,Steidlgasse 0/6,3153,Frohnleiten,Österreich,2005-10-27,Frau,Lehre
K00293,Carlo,Lampl,Hechenbergerring 567,3463,Leoben,Österreich,1950-10-30,Mann,Lehre
K00294,Sophie,Hammerer,Alma-Salzmann-Gasse 526,4633,Lilienfeld,Österreich,1963-05-10,Mann,Lehre
K00295,Leander,Yilmaz,Lisa-Seitz-Straße 2,8021,Ferlach,Österreich,1948-07-18,Mann,Matura
K00296,Mila,Ebner,Jacob-Höglinger-Weg 1,8390,Bad Ischl,Österreich,2016-07-23,Mann,Lehre
K00297,Karl,Steiner,Dana-Huemer-Weg 524,5885,Bruck an der Mur,Österreich,1948-08-22,Frau,Matura
K00298,Max,Gosch,Walterstraße 8,8850,Köflach,Österreich,1970-09-16,Frau,Lehre
K00299,Florin,Eberhard,Weningerplatz 3/5,8846,Hall in Tirol,Österreich,1991-11-20,Mann,kein Schulabschluss
K00300,Eleonora,Schmid,Anderlgasse 863,8702,Mattighofen,Österreich,1955-08-07,Mann,Lehre
K00301,Ruth,Strasser,Traunerweg 759,1685,Weitra,Österreich,2013-03-18,Mann,Lehre
K00302,Louis,Prenner,Mona-Hackl-Straße 937,4147,Zeltweg,Österreich,1971-08-30,Mann,Matura
K00303,Theresa,Groß,Liliana-Mayerhofer-Platz 8,5683,Pregarten,Österreich,2014-05-17,Mann,Lehre
K00304,Aron,Leopold,Schrittwiesergasse 765,8379,Hainfeld,Österreich,2016-08-07,Frau,Matura
K00305,Emely,Hochreiter,Daniela-Kogler-Straße 34,4079,Dornbirn,Österreich,1946-01-22,Mann,Matura
K00306,Leander,Hammerl,Zachgasse 244,9502,Mannersdorf am Leithagebirge,Österreich,2020-01-27,Frau,Lehre
K00307,Nina,Riener,Ertlgasse 41,1486,Gänserndorf,Österreich,1951-01-19,Frau,Studium
K00308,Antonio,Scheiber,Oscar-Strobl-Weg 602,3526,Ebenfurth,Österreich,1994-01-12,Mann,Lehre
K00309,Cristiano,Hutterer,Fitzgasse 2,8002,Dürnstein,Österreich,2015-01-24,Frau,Matura
K00310,Andjela,Zöchling,Griessergasse 688,9867,Jennersdorf,Österreich,2013-02-15,Mann,Lehre
K00311,Caroline,Schmölzer,Marlene-Schneeberger-Gasse 08,4679,Drosendorf-Zissersdorf 1,Österreich,2006-11-10,Mann,Matura
K00312,Henrik,Reinprecht,Oberhausergasse 0,8099,Wilhelmsburg,Österreich,1981-03-06,Frau,Lehre
K00313,Justin,Kratzer,Antonius-Dobler-Straße 5,5162,Mank,Österreich,1974-03-15,Mann,Matura
K00314,Adam,Hell,Vincent-Moser-Ring 5/7,7944,Klosterneuburg,Österreich,1966-07-23,Mann,Lehre
K00315,Aurelio,Ludwig,Claudia-Mühlberger-Gasse 1/1,7439,Friedberg,Österreich,1980-04-23,Frau,Studium
K00316,Antonius,Stelzer,Steiningerstraße 905,4010,Mödling,Österreich,1970-08-16,Frau,Matura
K00317,Stefan,Hochreiter,Krammerweg 0,5112,Traismauer,Österreich,1973-03-24,Mann,Lehre
K00318,Martha,Staudacher,Wilfingerstr. 1/7,4770,Gmünd,Österreich,1991-01-30,Frau,Lehre
K00319,Angela,Tauber,Helmstraße 993,9149,Schladming,Österreich,1956-06-19,Mann,Lehre
K00320,Lorena,Rath,Henry-Kaindl-Platz 35,2202,Zwettl,Österreich,1979-01-24,Mann,Lehre
K00321,Lilia,Leopold,Ela-Pichler-Platz 6,9137,Poysdorf,Österreich,1998-07-28,Mann,Lehre
K00322,Aron,Sieberer,Katja-Burger-Gasse 316,6393,Wolkersdorf,Österreich,1980-08-11,Mann,Studium
K00323,Nora,Walter,Isabel-Messner-Straße 1,1018,Mannersdorf am Leithagebirge,Österreich,1949-08-12,Frau,Matura
K00324,Nicola,Hermann,Diana-Schweitzer-Gasse 42,3580,Groß-Gerungs,Österreich,1941-04-19,Frau,Matura
K00325,Natascha,Kreidl,Bernhard-Eichhorn-Straße 84,5606,Neulengbach,Österreich,1998-10-02,Mann,Matura
K00326,Kai,Paulitsch,Sofie-Glück-Ring 727,5831,Raabs an der Thaya,Österreich,2019-08-31,Frau,Matura
K00327,Norah,Pachler,Schachingerweg 4/2,4910,Ferlach,Österreich,2013-01-19,Mann,Lehre
K00328,Gregor,Ernst,Leah-Braun-Gasse 0/3,3601,Mattersburg,Österreich,1953-03-05,Mann,Lehre
K00329,Bernadette,Lassnig,Vargastraße 755,4884,Friedberg,Österreich,1949-06-21,Frau,Matura
K00330,Annika,Kucera,Emely-Lindorfer-Platz 6,7017,Retz,Österreich,2008-12-31,Mann,Studium
K00331,Julian,Rabl,Bianca-Meister-Weg 22,1620,Freistadt,Österreich,1967-04-25,Frau,Lehre
K00332,Jessica,Kirschner,Bodnerweg 465,2824,Dürnstein,Österreich,2004-04-20,Mann,Lehre
K00333,Melisa,Artner,Alice-Holzmann-Straße 5,5228,Grein,Österreich,1974-02-27,Mann,Lehre
K00334,Nikolaus,Handler,Holzmannplatz 1/5,3542,Wels,Österreich,1956-07-05,Mann,Lehre
K00335,Maximilian,Spiegl,Geyerstraße 9/8,1944,Graz,Österreich,1984-10-17,Mann,Studium
K00336,Mira,Payer,Klementgasse 045,1679,Zell am See,Österreich,1948-03-25,Mann,Matura
K00337,Steven,Strohmaier,Steidlgasse 83,4054,Sankt Veit an der Glan,Österreich,1971-12-28,Mann,Studium
K00338,Linnea,Böhm,Streicherstr. 15,1043,Wien,Österreich,1987-08-04,Mann,Lehre
K00339,Clara,Gattringer,Schrittwieserplatz 2/6,8719,Herzogenburg,Österreich,1977-03-19,Divers,Studium
K00340,Gabriel,Hacker,Ferstlstraße 83,2675,Laa an der Thaya,Österreich,1961-01-01,Frau,Lehre
K00341,Eva,Blümel,Alexia-Oberhofer-Ring 413,4151,Vils,Österreich,1996-10-23,Mann,Matura
K00342,Valentino,Knaus,Simon-Kugler-Platz 197,6908,Radenthein,Österreich,2009-12-06,Frau,Matura
K00343,Pia,Fankhauser,Paula-Lintner-Platz 0/5,9944,Sankt Pölten,Österreich,1978-05-22,Frau,Lehre
K00344,Florian,Berner,Petra-Kalcher-Straße 82,8025,Bregenz,Österreich,2018-09-10,Frau,Lehre
K00345,Ruben,Riener,Schmuckweg 4/0,5718,Judenburg,Österreich,2008-01-23,Mann,Lehre
K00346,Heidi,Schwab,Mayrweg 8,8161,Judenburg,Österreich,1942-02-18,Frau,Lehre
K00347,Anna,Reisner,Dornstr. 4,2338,Eisenstadt,Österreich,2010-11-08,Mann,Matura
K00348,Pauline,Wechselberger,Schwarzingerweg 0/0,3865,Althofen,Österreich,1979-03-03,Mann,Matura
K00349,Claudia,Gollner,Simon-Neubauer-Straße 31,6763,Bad Leonfelden,Österreich,1953-10-27,Mann,Matura
K00350,Rosalie,Hödl,Vincent-Sieberer-Gasse 0/1,5594,Voitsberg,Österreich,1958-01-22,Frau,Lehre
K00351,Matilda,Pichler,Rienerring 574,2863,Gloggnitz,Österreich,1973-06-08,Mann,Lehre
K00352,Annika,Neumann,Lionel-Krug-Gasse 6,8518,Stadtschlaining,Österreich,1954-08-03,Mann,Studium
K00353,Arthur,Hafner,Karoline-Obermayr-Platz 258,8552,Pulkau,Österreich,1954-02-22,Mann,Studium
K00354,Lennard,Veit,Markweg 590,2399,Berndorf,Österreich,2010-06-23,Mann,Matura
K00355,Louisa,Pöschl,Frühwirthplatz 802,8929,Tulln an der Donau,Österreich,1959-08-30,Frau,Matura
K00356,Steven,Jank,Karnerring 952,1565,Mautern an der Donau,Österreich,1975-03-17,Mann,Lehre
K00357,Jana,Schön,Jungstr. 8,3991,Korneuburg,Österreich,1976-08-26,Mann,Studium
K00358,Christian,Gosch,Julia-Bauer-Weg 607,3102,Traismauer,Österreich,2017-06-14,Frau,Studium
K00359,Valentina,Hutterer,Feiglring 4,5028,Mattighofen,Österreich,1966-10-19,Mann,Matura
K00360,James,Mathis,Maurice-Neumayr-Straße 511,3219,Weiz,Österreich,1983-10-19,Frau,Lehre
K00361,Sandra,Ender,Ottstr. 6,4691,Linz,Österreich,1966-08-06,Mann,Matura
K00362,Antonius,Steinwender,Malena-Wandl-Ring 6/3,5537,Hainfeld,Österreich,1973-11-02,Frau,Studium
K00363,Viola,Bachmann,Mario-Schöller-Platz 21,2071,Weiz,Österreich,2005-01-29,Mann,Matura
K00364,Petra,Leonhartsberger,Schimplstraße 23,5713,Saalfelden am Steinernen Meer,Österreich,2002-09-09,Mann,Lehre
K00365,Ajna,Buchegger,Leticia-Ackerl-Weg 3,8453,Neumarkt am Wallersee,Österreich,1973-01-07,Mann,Studium
K00366,Larissa,Kern,Hinterbergerstr. 744,8798,Mureck,Österreich,1946-09-05,Frau,Matura
K00367,Marvin,Pucher,Laureen-Bachler-Straße 1/4,3833,Gleisdorf,Österreich,1951-10-15,Mann,Studium
K00368,Maurice,Breuer,Aleksander-Steinwender-Straße 187,4538,Poysdorf,Österreich,1994-10-10,Mann,Studium
K00369,Luana,Pendl,Ertlring 82,9149,Ternitz,Österreich,1975-05-12,Mann,Lehre
K00370,Madeleine,Erlacher,Lea-Weidinger-Weg 9/6,2709,Stockerau,Österreich,1945-05-16,Mann,Lehre
K00371,Nela,Hechenberger,Scherzerstr. 199,6463,Wolfsberg,Österreich,1940-08-23,Frau,Matura
K00372,Andjela,Bösch,Adelina-Plank-Weg 79,3780,Bruck an der Leitha,Österreich,1982-08-12,Mann,Studium
K00373,Louisa,Springer,Scholzring 24,3137,Bad Radkersburg,Österreich,1956-11-24,Mann,Matura
K00374,Joseph,Mandl,Gasserstr. 7/4,3762,Ybbs an der Donau,Österreich,1973-04-16,Frau,Matura
K00375,Ricardo,Schimpl,Rauscherring 416,4514,Groß-Gerungs,Österreich,1960-07-01,Mann,Studium
K00376,Mariam,Zehetner,Beni-Perner-Ring 3,6030,Spittal an der Drau,Österreich,1996-12-05,Frau,Lehre
K00377,Julijana,Fuchs,Sarah-Krammer-Ring 8/6,6836,Marchtrenk,Österreich,2010-11-04,Mann,Matura
K00378,Annabella,Mitter,Oskar-Maierhofer-Weg 692,6950,Spittal an der Drau,Österreich,1995-01-21,Frau,Matura
K00379,Sam,Rausch,Carla-Wiesbauer-Weg 4/2,1478,Gmunden,Österreich,2012-01-25,Frau,Matura
K00380,Oscar,Bachinger,Antonella-Reichl-Straße 71,5734,Freistadt,Österreich,1941-12-30,Mann,Lehre
K00381,Dora,Berchtold,Prantlplatz 9/0,1315,Güssing,Österreich,1954-06-13,Mann,Matura
K00382,Liam,Brandtner,Fiona-Rosner-Platz 50,7482,Gerasdorf bei Wien,Österreich,1950-02-02,Mann,Matura
K00383,Konrad,Karl,Stefanie-Schmid-Straße 963,6606,Hallein,Österreich,1959-12-21,Frau,Studium
K00384,Konstantin,Schütz,Kirschnergasse 910,5598,Hardegg,Österreich,2009-07-12,Mann,Studium
K00385,Maya,Strobl,Alena-Raab-Ring 07,7333,Neunkirchen,Österreich,1944-06-13,Mann,Studium
K00386,Melek,Unterweger,Ruth-Geiger-Platz 6,5217,Sankt Valentin,Österreich,1987-04-28,Mann,Lehre
K00387,Annalena,Seiser,Feichterstraße 11,7765,Schwaz,Österreich,2015-02-14,Frau,Lehre
K00388,Gloria,Mühlböck,Jostplatz 277,9802,Leibnitz,Österreich,2010-12-10,Mann,Matura
K00389,Louise,Waltl,Rita-Stiegler-Weg 276,1880,Litschau,Österreich,1958-04-09,Frau,Matura
K00390,Nicola,Koppensteiner,Holzknechtplatz 3/8,9750,Deutschlandsberg,Österreich,1995-05-17,Frau,Matura
K00391,Maurice,Kummer,Darius-Blauensteiner-Ring 4/9,4399,Ybbs an der Donau,Österreich,1956-12-08,Mann,Lehre
K00392,Marina,Schlosser,Schubertstr. 0,1967,Wolfsberg,Österreich,1946-01-16,Mann,Studium
K00393,Luis,Reif,Maximilian-Heger-Weg 5/0,4582,Villach,Österreich,1979-10-22,Frau,Lehre
K00394,Sofia,Nußbaumer,Wienerstraße 11,7213,Waidhofen an der Ybbs,Österreich,1986-11-06,Mann,Studium
K00395,Ruben,Bachmann,Neuhauserplatz 836,4374,Kufstein,Österreich,1946-03-01,Mann,Matura
K00396,Severin,Eichberger,Grubergasse 2/6,7144,Schwanenstadt,Österreich,1985-12-12,Frau,Matura
K00397,Nika,Jenewein,Liliana-Schatz-Platz 0,1809,Baden,Österreich,1967-03-14,Mann,Studium
K00398,Matthias,Trimmel,Riedmannweg 5,5998,Herzogenburg,Österreich,1971-04-13,Frau,Matura
K00399,Darius,Rotter,Matheo-Lassnig-Platz 5/1,5002,Marchtrenk,Österreich,1954-03-15,Frau,Studium
K00400,Antonia,Pointner,Marie-Fitz-Platz 4,8433,Poysdorf,Österreich,1986-02-23,Frau,Lehre
K00401,Juliane,Prohaska,Nikolai-Böhler-Gasse 1/4,3457,Scheibbs,Österreich,2012-02-28,Frau,Matura
K00402,Raphael,Holl,Steindlplatz 08,3778,Sankt Valentin,Österreich,1992-06-11,Mann,Matura
K00403,Theodora,Schwarz,Gutmannplatz 100,9005,Deutsch-Wagram,Österreich,2019-11-27,Frau,Studium
K00404,Alexander,Barth,Reinthalerstraße 836,5967,Voitsberg,Österreich,1959-12-06,Mann,Lehre
K00405,Christopher,Platzer,Dilara-Scheidl-Weg 95,3921,Schladming,Österreich,1970-05-08,Divers,Studium
K00406,Salma,Haidinger,Kremserring 196,4799,Waidhofen an der Thaya,Österreich,1960-10-02,Mann,Studium
K00407,Violetta,Neuner,Claire-Kreidl-Platz 90,2119,Landeck,Österreich,1963-02-14,Frau,Matura
K00408,Anna,Nowak,Kollmannplatz 2,8349,Gföhl,Österreich,1993-03-13,Frau,Lehre
K00409,Mathias,Bäck,Huterplatz 1/8,6683,Maissau,Österreich,1943-11-05,Mann,Lehre
K00410,Samuel,Schatzl,Laila-Eichberger-Platz 216,8448,Lienz,Österreich,1962-10-04,Frau,kein Schulabschluss
K00411,Phillip,Wirth,Leopoldring 61,4971,Krems an der Donau,Österreich,1982-11-27,Mann,Lehre
K00412,Florentin,Hosp,Janine-Albrecht-Straße 9,7742,Wieselburg,Österreich,1993-02-27,Frau,Studium
K00413,Leopold,Gindl,Mario-Schöberl-Weg 63,3236,Mannersdorf am Leithagebirge,Österreich,1972-01-26,Mann,Lehre
K00414,Lara,Humer,Tristan-Rainer-Ring 4/7,5461,Dürnstein,Österreich,1974-11-15,Frau,Matura
K00415,Sandro,Hämmerle,Großplatz 9,1448,Lilienfeld,Österreich,1961-02-02,Mann,Matura
K00416,Claire,Mohr,Rieplstraße 79,7137,Laa an der Thaya,Österreich,1953-10-10,Mann,Lehre
K00417,Andjela,Eichberger,Martina-Varga-Gasse 009,4335,Schrattenthal,Österreich,1988-08-09,Frau,Lehre
K00418,Mert,Hölzl,Viola-Widmann-Gasse 4,7489,Ebreichsdorf,Österreich,1944-06-10,Frau,Lehre
K00419,Elina,Pachler,Leni-Weninger-Weg 6/8,9400,Fischamend,Österreich,2000-07-26,Frau,Matura
K00420,Emil,Kahr,Marc-Bachler-Ring 78,7139,Fehring,Österreich,1968-05-24,Mann,Matura
K00421,Gabriel,Gutmann,Hirschmannring 2,8247,Grieskirchen,Österreich,1965-07-03,Mann,Studium
K00422,Carlo,Kohler,Alex-Schönberger-Gasse 417,7893,Ternitz,Österreich,1999-01-01,Mann,Lehre
K00423,Rita,Schiller,Brucknerstraße 5/4,8490,Wien,Österreich,1984-11-20,Mann,Studium
K00424,Nela,Seifert,Alexandra-Schaller-Ring 30,3345,Gallneukirchen,Österreich,1979-12-21,Frau,Matura
K00425,Leopold,Amon,Bruno-Hinterleitner-Ring 9,1377,Schwaz,Österreich,1969-08-08,Mann,Matura
K00426,Marie-Sophie,Ferstl,Maryam-Pock-Weg 45,2405,Maissau,Österreich,1968-12-21,Mann,Studium
K00427,Dennis,Wohlmuth,Kerstin-Holl-Ring 035,6420,Imst,Österreich,1943-06-02,Mann,Lehre
K00428,Pascal,Erlacher,Ackerlplatz 8/3,7132,Bad Aussee,Österreich,1964-10-22,Mann,Matura
K00429,Patrick,Mühlböck,Schachnerweg 80,5258,Neusiedl am See,Österreich,1992-02-21,Frau,Lehre
K00430,Mathias,Penz,Jägerstr. 1/2,6106,Retz,Österreich,1983-03-16,Frau,Matura
K00431,Viola,Lang,Nicolas-Karner-Weg 5,8806,Bad Aussee,Österreich,1976-02-22,Frau,Lehre
K00432,Violetta,Bäck,Sagmeistergasse 113,6634,Hainburg an der Donau,Österreich,1948-07-16,Mann,Matura
K00433,Ruben,Puntigam,Lorenzo-Lutz-Gasse 35,2550,Wiener Neustadt,Österreich,1976-02-17,Mann,Lehre
K00434,Mark,Muhr,Emmanuel-Bergmann-Ring 47,8603,Poysdorf,Österreich,1985-02-20,Frau,Studium
K00435,Pascal,Kaspar,Gschwandtnerweg 20,3020,Gleisdorf,Österreich,2006-03-02,Mann,Lehre
K00436,Ariana,Wagner,Bernerstraße 5/9,9636,Attnang-Puchheim,Österreich,1991-12-05,Frau,Lehre
K00437,Fridolin,Böhler,Vivian-Stöger-Straße 653,5164,Hartberg,Österreich,2008-11-26,Mann,Lehre
K00438,Ricardo,Schnabl,Schweitzerstr. 737,5061,Bleiburg,Österreich,1982-11-18,Frau,Matura
K00439,Liliana,Kolm,Constantin-Holzinger-Ring 695,1322,Bad Ischl,Österreich,1943-05-05,Mann,Lehre
K00440,Violetta,Scherr,Sarah-Gross-Straße 87,9710,Spittal an der Drau,Österreich,1954-10-07,Mann,Matura
K00441,Jamie,Sailer,Erlergasse 4/5,1273,Friesach,Österreich,1973-12-06,Mann,Lehre
K00442,Carlo,Kaufmann,Salma-Geisler-Ring 3/5,4626,Innsbruck,Österreich,1962-10-13,Frau,Lehre
K00443,Nela,Dünser,Wielandgasse 50,1930,Eisenerz,Österreich,2014-12-04,Frau,Lehre
K00444,Elsa,Stummer,Suppanplatz 086,9893,Leoben,Österreich,1974-02-26,Mann,Lehre
K00445,Natalie,Handler,Voglerweg 6,1159,Marchtrenk,Österreich,1944-08-26,Frau,Studium
K00446,Mert,Ender,Steinböckstraße 7,7030,Sankt Veit an der Glan,Österreich,1953-09-12,Frau,Lehre
K00447,Raffael,Kröll,Johann-Fitz-Gasse 14,4727,Rottenmann,Österreich,2017-01-10,Frau,Lehre
K00448,Ella,Pointner,Wernerring 83,4432,Traun,Österreich,1995-04-12,Mann,Studium
K00449,Veronika,Rainer,Lennard-Lassnig-Straße 9/4,8721,Frauenkirchen,Österreich,1985-02-14,Mann,Lehre
K00450,Zoey,Wandl,Luca-Neumeister-Gasse 9/6,2525,Voitsberg,Österreich,1981-02-14,Mann,kein Schulabschluss
K00451,Kristian,Schrammel,Tobias-Kerschbaumer-Weg 3,6302,Gleisdorf,Österreich,1996-01-13,Mann,Matura
K00452,Simon,Paier,Mairhoferring 89,2248,Klagenfurt,Österreich,2017-06-20,Mann,Studium
K00453,Aron,Lettner,Wiesnergasse 9,8279,Traismauer,Österreich,2006-01-23,Frau,Lehre
K00454,Alexia,Kugler,Kaltenbrunnerplatz 94,8464,Oberndorf bei Salzburg,Österreich,1955-02-16,Mann,Lehre
K00455,Annabella,Schweiger,Jessica-Pfleger-Weg 4/1,9255,Fürstenfeld,Österreich,1989-06-18,Frau,Lehre
K00456,Sena,Pieber,Zenzweg 80,3157,Wolkersdorf,Österreich,2013-10-21,Frau,Lehre
K00457,Natascha,Wagner,Viktoria-Lutz-Straße 350,4930,Mattersburg,Österreich,1964-08-26,Frau,Lehre
K00458,Elina,Stütz,Samuel-Neugebauer-Weg 62,2557,Geras,Österreich,1972-06-29,Mann,Studium
K00459,Jana,Seidl,Hollweg 288,8502,Altheim,Österreich,1946-02-22,Frau,Lehre
K00460,Emanuel,Lindner,Marie-Schönberger-Weg 952,5939,Kufstein,Österreich,1995-10-26,Frau,Matura
K00461,Ines,Pohl,Gallerstraße 810,7925,Liezen,Österreich,1941-03-08,Frau,Matura
K00462,Vanessa,Payer,Lettnerweg 945,7406,Klosterneuburg,Österreich,2006-12-19,Mann,kein Schulabschluss
K00463,Nina,Mitterlehner,Tischlerplatz 36,5674,Sankt Pölten,Österreich,2008-12-21,Mann,Matura
K00464,Lena,Stadler,Carlo-Artner-Straße 142,3012,Oberwälz,Österreich,1965-11-29,Frau,Lehre
K00465,Irina,Peter,Handlerstraße 7/0,6850,Grieskirchen,Österreich,1987-02-09,Mann,Studium
K00466,Lorenzo,Berner,Franzstr. 934,4622,Tulln an der Donau,Österreich,1995-10-09,Divers,Matura
K00467,Ruben,Paulitsch,Darius-Kratzer-Straße 69,8661,Melk,Österreich,1949-02-16,Mann,Lehre
K00468,Isabelle,Hollaus,Gabriela-Eichberger-Platz 39,7419,Poysdorf,Österreich,1983-02-12,Mann,Studium
K00469,Selena,Redl,Ludwigring 122,7778,Traiskirchen,Österreich,2019-12-29,Mann,Matura
K00470,Leonard,Pauer,Rudolfplatz 4/2,6871,Kindberg,Österreich,1980-10-03,Mann,Matura
K00471,Natan,Reichel,Thomas-Urban-Straße 453,3037,Bruck an der Leitha,Österreich,1955-07-15,Frau,Studium
K00472,Emilia,Bichler,Payergasse 28,4383,Schrattenthal,Österreich,1979-01-05,Mann,kein Schulabschluss
K00473,Elina,Reindl,Kurzgasse 0,6758,Wieselburg,Österreich,2004-08-06,Mann,Studium
K00474,Andrea,Scheucher,Uhlstraße 5/8,1045,Oberpullendorf,Österreich,1979-05-02,Frau,Matura
K00475,Carina,Hutterer,Huberstraße 5/9,8001,Bischofshofen,Österreich,1992-05-17,Frau,Matura
K00476,Lucie,Kasper,Ela-Pesendorfer-Platz 26,8149,Neunkirchen,Österreich,1981-12-07,Mann,Studium
K00477,Aaron,Steinlechner,Meixnerstr. 845,4537,Köflach,Österreich,1991-04-21,Mann,Lehre
K00478,Lorenzo,Bauer,Constanze-Mathis-Gasse 3,3834,Lilienfeld,Österreich,1977-04-11,Frau,kein Schulabschluss
K00479,Pascal,Luger,Xavier-Mörth-Gasse 74,1319,Mureck,Österreich,2010-05-31,Mann,Matura
K00480,Leon,Harrer,Jannik-Jauk-Platz 8/8,7289,Perg,Österreich,1957-01-24,Mann,Matura
K00481,Rana,Schachner,Linda-Weissenböck-Ring 105,8357,Schrems,Österreich,1964-11-14,Mann,Lehre
K00482,Leoni,Leibetseder,Lina-Berner-Gasse 4/9,8096,Bruck an der Leitha,Österreich,1993-11-07,Mann,Lehre
K00483,Henri,Payer,Nico-Moosbrugger-Ring 10,7736,Eggenburg,Österreich,1988-08-31,Frau,Lehre
K00484,Annalena,Haberl,Gutmanngasse 356,9888,Wien,Österreich,1963-03-19,Frau,Matura
K00485,Janine,Trauner,Mina-Grabner-Ring 82,1210,Vils,Österreich,2018-11-21,Frau,Studium
K00486,Verena,Kain,Oberhauserplatz 7/4,7092,Ebenfurth,Österreich,2012-04-07,Frau,Lehre
K00487,Richard,Dietrich,Melina-Karner-Gasse 7/2,2748,Sankt Johann im Pongau,Österreich,1978-11-12,Mann,Lehre
K00488,Lennart,Sperl,Puntigamgasse 50,5139,Maissau,Österreich,1991-03-31,Frau,Lehre
K00489,Cristina,Brandner,Constanze-Zeilinger-Straße 83,3781,Korneuburg,Österreich,2011-01-28,Frau,Matura
K00490,Elma,List,Tina-Wurm-Platz 0,2083,Schladming,Österreich,1940-12-06,Mann,Matura
K00491,Niko,Kasper,Mariam-Mayer-Gasse 0,4671,Innsbruck,Österreich,1978-07-04,Mann,Lehre
K00492,Eduard,Ertl,Leo-Reichel-Platz 6/3,2034,Bludenz,Österreich,1977-01-16,Frau,Matura
K00493,Elisabeth,Schweighofer,Zeilingerring 3/9,6066,Korneuburg,Österreich,1966-05-19,Frau,Lehre
K00494,Michael,Zangerl,Franz-Praxmarer-Gasse 487,1651,Linz,Österreich,1995-11-23,Mann,Studium
K00495,Leopold,Wiesinger,Juna-Scherr-Platz 08,8939,Judenburg,Österreich,2014-05-16,Frau,Matura
K00496,Sebastian,Reichl,Zara-Gstrein-Ring 80,6889,Kindberg,Österreich,2018-03-18,Mann,Matura
K00497,Emanuela,Franz,Patricia-Ludwig-Straße 20,2431,Knittelfeld,Österreich,1981-08-18,Mann,Lehre
K00498,Elisabeth,Marx,Nico-Wilhelm-Gasse 1/1,2396,Fehring,Österreich,2000-03-02,Frau,Lehre
K00499,Jennifer,Hausberger,Hauserplatz 8,9998,Grieskirchen,Österreich,1996-12-19,Frau,Lehre
K00500,Martina,Mair,Zenzstraße 165,4423,Ebreichsdorf,Österreich,1996-06-06,Mann,Matura
K00501,Steven,Schuller,Fiedlerplatz 0,9611,Traismauer,Österreich,1967-09-06,Frau,Matura
K00502,Elona,Freitag,Simon-Riedler-Gasse 4/9,6073,Baden,Österreich,2005-10-30,Frau,Matura
K00503,Nadine,Taucher,Wachterring 977,1794,Güssing,Österreich,2000-08-07,Frau,Studium
K00504,Erik,Hochleitner,Hemetsbergerstraße 3,8003,Zeltweg,Österreich,1961-10-20,Mann,Matura
K00505,Isabelle,Kratzer,Ulrichstraße 6,4393,Hartberg,Österreich,1950-05-18,Mann,Studium
K00506,Anita,Kössler,Pragerstr. 55,9511,Dornbirn,Österreich,1977-01-23,Frau,kein Schulabschluss
K00507,Sabine,Schwab,Sauergasse 067,4242,Salzburg,Österreich,2005-07-08,Frau,Studium
K00508,Adrian,Mühlböck,Ferstlring 0,7850,Knittelfeld,Österreich,2019-12-18,Mann,Matura
K00509,Lilli,Holl,Hanna-Keller-Gasse 0,8111,Bärnbach,Österreich,1982-08-22,Frau,kein Schulabschluss
K00510,Marie-Louise,Weiser,Marcus-Geiger-Gasse 0/8,5628,Salzburg,Österreich,1951-03-24,Frau,Lehre
K00511,Patrik,Kraxner,Phillip-Reinisch-Gasse 02,4794,Neusiedl am See,Österreich,1970-07-03,Frau,Studium
K00512,Fernando,Wieland,Hochreiterstraße 538,9777,Traismauer,Österreich,1979-10-26,Frau,Matura
K00513,Karoline,Klausner,Theo-Baldauf-Ring 512,9883,Pulkau,Österreich,1968-07-05,Frau,Studium
K00514,Manuel,Rauscher,Eichingerstr. 9/6,6268,Mödling,Österreich,1965-09-14,Mann,Studium
K00515,Sabrina,Hölzl,Victor-Polzer-Ring 8/3,9318,Kufstein,Österreich,1958-10-29,Mann,Matura
K00516,Laurenz,Kolm,Zara-Jäger-Gasse 213,4511,Schrems,Österreich,1943-04-10,Mann,Lehre
K00517,Rayana,Zeiner,Ben-Geyer-Straße 0,8921,Sankt Valentin,Österreich,1945-04-01,Mann,Matura
K00518,Francesca,Holler,Zoey-Scheucher-Gasse 7/3,3029,Tulln an der Donau,Österreich,1971-11-18,Mann,Matura
K00519,Selena,Feichter,Sternring 0,8472,Drosendorf-Zissersdorf 1,Österreich,2000-05-14,Mann,Lehre
K00520,Marie,Schmied,Sam-Auer-Gasse 2,1434,Altheim,Österreich,2018-10-25,Frau,Matura
K00521,Johannes,Krenn,Fritzstr. 8/2,3154,Schärding,Österreich,1949-08-24,Mann,Matura
K00522,Lilia,Sauer,Sulzerstr. 8/1,7905,Mannersdorf am Leithagebirge,Österreich,1998-06-30,Frau,Matura
K00523,Ben,Reithofer,Kösslerplatz 64,8951,Oberwart,Österreich,1993-08-23,Mann,kein Schulabschluss
K00524,William,Pöll,Noah-Leopold-Straße 8/9,1083,Eisenerz,Österreich,2020-09-17,Frau,kein Schulabschluss
K00525,Danilo,Nagele,Raphael-Singer-Gasse 985,9921,Rottenmann,Österreich,2013-10-19,Frau,Matura
K00526,Barbara,Helm,Denise-Trattner-Platz 6/8,1564,Feldbach,Österreich,1964-10-09,Frau,Matura
K00527,Katharina,Tauber,Nicolai-Brandstätter-Ring 0,1677,Fürstenfeld,Österreich,1990-02-04,Divers,Lehre
K00528,Luna,Erler,Siena-Stelzer-Gasse 0,5690,Schladming,Österreich,2003-09-27,Frau,Lehre
K00529,Nicola,Reiner,Constanze-Horn-Platz 5,6464,Vils,Österreich,1992-01-06,Mann,Matura
K00530,Helena,Kainz,Pointnerweg 938,9467,Rottenmann,Österreich,1971-11-05,Frau,Studium
K00531,Fabio,Schrempf,Felicitas-Karner-Straße 9,3750,Bregenz,Österreich,1958-12-04,Frau,Lehre
K00532,Jana,Burtscher,Matteo-Brandner-Gasse 134,4307,Zell am See,Österreich,1940-03-29,Mann,Matura
K00533,Arthur,Sieber,Biedermannstraße 425,9944,Rust,Österreich,1953-11-29,Mann,Lehre
K00534,Adrian,Kunz,Bruggergasse 82,3849,Zistersdorf,Österreich,1995-03-22,Mann,Lehre
K00535,Hubert,Mühlbacher,Jannis-Rieger-Gasse 47,4728,Wieselburg,Österreich,1968-06-26,Mann,Lehre
K00536,Janine,Schlögl,Kochstraße 6/4,6097,Langenlois,Österreich,1962-09-05,Mann,kein Schulabschluss
K00537,Jannik,Reinisch,Unterbergerweg 472,4984,Bludenz,Österreich,2007-01-08,Divers,Lehre
K00538,Nina,Stockinger,Victor-Seebacher-Platz 8/2,8051,Hall in Tirol,Österreich,1999-08-26,Mann,Matura
K00539,Esther,Ender,Ruben-Maierhofer-Ring 4,8661,Friesach,Österreich,1946-06-12,Mann,Studium
K00540,Lars,Messner,Bognerring 7,4866,Trieben,Österreich,2011-08-30,Frau,Lehre
K00541,Karla,Walter,Steinbauerplatz 63,8933,Dürnstein,Österreich,1972-03-05,Mann,Studium
K00542,Nicholas,Pokorny,Selma-Neubauer-Gasse 9,4643,Saalfelden am Steinernen Meer,Österreich,1955-04-09,Frau,Matura
K00543,Vito,Griesser,Elvira-Larcher-Weg 0/6,4526,Groß-Enzersdorf,Österreich,1998-06-03,Frau,Lehre
K00544,Nikola,Sperl,Zenzgasse 083,7951,Zistersdorf,Österreich,1957-11-14,Divers,Lehre
K00545,Nina,Kreiner,Raphael-Pinter-Platz 85,3868,Groß-Gerungs,Österreich,2000-03-16,Frau,Matura
K00546,Tamara,Bergmann,Blauensteinerweg 553,4217,Gallneukirchen,Österreich,2008-01-06,Frau,Matura
K00547,Lorenz,Mitterer,Rosenbergerstraße 7,9732,Krems an der Donau,Österreich,2011-05-19,Mann,Lehre
K00548,Nicolas,Lipp,Hölzlweg 282,4990,Sankt Pölten,Österreich,2016-07-06,Mann,Lehre
K00549,Tiffany,Buchner,Lehnergasse 9/4,2486,Hainfeld,Österreich,1981-02-07,Frau,Lehre
K00550,Leyla,Loidl,Mannring 1/4,2117,Hainfeld,Österreich,1996-05-05,Mann,Studium
K00551,Sascha,Grünwald,Rohrmoserstraße 533,9719,Weitra,Österreich,2018-07-24,Frau,Studium
K00552,Jakob,Oberleitner,Maximilian-Karrer-Straße 0/6,6748,Weitra,Österreich,2004-04-11,Divers,Lehre
K00553,Henrik,Schütz,Langerplatz 56,1523,Wiener Neustadt,Österreich,1994-06-18,Mann,Matura
K00554,Louis,Schober,Schmuckring 1/2,5952,Völkermarkt,Österreich,2010-12-08,Frau,Lehre
K00555,Alice,Schwendinger,Kirchmairplatz 6/0,4757,Sankt Andrä im Lavanttal,Österreich,1997-12-25,Frau,Lehre
K00556,Armin,Riener,Jonathan-Pokorny-Platz 8,5449,Grein,Österreich,1960-12-11,Mann,Matura
K00557,Nina,Hörmann,Kloiberstr. 5,2736,Ebreichsdorf,Österreich,2000-08-26,Frau,Matura
K00558,Lionel,Schwarzinger,Anton-Burtscher-Straße 9,8214,Laakirchen,Österreich,1997-05-11,Mann,Studium
K00559,Leontina,Hacker,Liliane-Schatz-Platz 0/1,4663,Mannersdorf am Leithagebirge,Österreich,1973-08-26,Mann,Lehre
K00560,Mina,Gutmann,Nadine-Rettenbacher-Gasse 18,8520,Knittelfeld,Österreich,1971-07-24,Frau,Studium
K00561,Leo,Amon,Bachlerring 4,5750,Scheibbs,Österreich,1975-05-08,Frau,Studium
K00562,Edda,Dorn,Klockerweg 6/7,2006,Mürzzuschlag,Österreich,2006-08-29,Frau,Matura
K00563,Fabio,Lindorfer,Haidenring 938,2923,Stadtschlaining,Österreich,2002-09-28,Mann,Lehre
K00564,Stella,Mühlberger,Rösslerstraße 29,2658,Langenlois,Österreich,2020-07-31,Mann,Lehre
K00565,Viola,Simic,Biedermannweg 00,3686,Tulln an der Donau,Österreich,1971-01-07,Frau,Matura
K00566,Leonard,Muhr,Phillip-Seidl-Weg 9,7541,Langenlois,Österreich,1976-01-19,Mann,Lehre
K00567,Alexander,Dallinger,Severin-Glück-Weg 05,3625,Groß-Enzersdorf,Österreich,1997-01-06,Frau,Lehre
K00568,Christoph,Friedl,Sommerplatz 468,4308,Knittelfeld,Österreich,1949-12-13,Frau,Matura
K00569,Lora,Weninger,Leah-Braun-Gasse 69,7933,Zell am See,Österreich,1976-05-29,Frau,Matura
K00570,Mariam,Stockinger,Schmiedplatz 38,2289,Gmunden,Österreich,1970-09-04,Frau,Lehre
K00571,Erwin,Kaltenegger,Bernadette-Wurzinger-Platz 577,1136,Zwettl,Österreich,1974-12-09,Frau,Matura
K00572,Madeleine,Hutterer,David-Häusler-Gasse 65,3092,Kindberg,Österreich,1983-02-11,Mann,Studium
K00573,Alex,Auinger,Stefanie-Kargl-Gasse 2,8518,Bad Hall,Österreich,1980-07-06,Frau,Matura
K00574,Andjelina,Fellner,Vito-Fischer-Straße 39,9577,Marchtrenk,Österreich,2009-09-06,Frau,Studium
K00575,Anita,Danner,Kocherstr. 411,7773,Ternitz,Österreich,1950-12-16,Frau,Studium
K00576,Natan,Jank,Listgasse 2,3938,Litschau,Österreich,1957-06-03,Frau,Matura
K00577,Kerstin,Schneeberger,Verena-Zotter-Weg 561,9237,Radenthein,Österreich,1960-02-08,Frau,Matura
K00578,Ylvie,Prenner,Geyerring 1,3998,Melk,Österreich,1969-11-28,Mann,Studium
K00579,Jessica,Singer,Rohrmoserring 52,7871,Perg,Österreich,1989-05-19,Frau,kein Schulabschluss
K00580,Peter,Kaspar,Leon-Götz-Gasse 7/6,7596,Neunkirchen,Österreich,1959-10-28,Frau,Lehre
K00581,Anton,Rausch,Christine-Oberhofer-Straße 3,3854,Mürzzuschlag,Österreich,1967-11-22,Mann,Matura
K00582,Louis,Kopp,Nikola-Rainer-Gasse 06,4243,Pinkafeld,Österreich,1948-06-24,Mann,Studium
K00583,Marie-Sophie,Rausch,Romy-Geyer-Weg 564,4012,Landeck,Österreich,1993-09-05,Frau,Matura
K00584,Aurelia,Lang,Steinbergerstr. 835,8786,Wolkersdorf,Österreich,1992-06-21,Mann,Lehre
K00585,Constantin,Zettl,Noel-Handler-Straße 8,4944,Hallein,Österreich,1982-11-09,Frau,Studium
K00586,Yvonne,Frick,Köckplatz 1/0,3039,Bischofshofen,Österreich,2009-07-05,Frau,Lehre
K00587,Julia,Trinkl,Anastasia-Heigl-Weg 945,7047,Weitra,Österreich,2000-01-02,Frau,Matura
K00588,Mira,Heinzl,Schwabplatz 81,8533,Friesach,Österreich,1993-07-21,Frau,Lehre
K00589,Alex,Steurer,Lennard-Pichler-Ring 184,3041,Salzburg,Österreich,1947-12-25,Frau,Matura
K00590,Norah,Jungwirth,Punzstr. 7/5,4881,Groß-Gerungs,Österreich,1966-10-14,Divers,Lehre
K00591,Felix,Binder,Gruberstr. 3/1,2232,Hardegg,Österreich,1993-04-12,Frau,Studium
K00592,Nika,Trauner,Sieberergasse 760,7027,Rottenmann,Österreich,1990-02-23,Mann,Studium
K00593,Raphael,Schrammel,Salzmannplatz 0/8,6912,Ferlach,Österreich,2014-11-26,Frau,Lehre
K00594,Ilias,Feichtinger,Schusterstr. 058,8770,Rottenmann,Österreich,1943-03-09,Mann,Matura
K00595,Emanuela,Steurer,Nicolai-Huter-Gasse 015,5765,Neunkirchen,Österreich,2014-03-22,Mann,Matura
K00596,Rebecca,Scheiber,Oliver-Putz-Weg 0/4,9837,Bad Radkersburg,Österreich,1988-10-16,Mann,Matura
K00597,Hubert,Raab,Geigerweg 9/1,9075,Radstadt,Österreich,2001-10-17,Mann,Studium
K00598,Emely,Kurz,Angela-Schwaiger-Straße 27,4776,Sankt Pölten,Österreich,1940-07-30,Divers,Studium
K00599,Natalia,Steurer,Riedlerweg 11,8521,Linz,Österreich,1985-11-05,Frau,Lehre
K00600,Juliane,Seitz,Reichlstraße 3,9923,Salzburg,Österreich,1978-04-13,Frau,kein Schulabschluss
K00601,Tea,Hager,Paulitschgasse 215,1947,Dürnstein,Österreich,1990-01-04,Mann,Lehre
K00602,Bernhard,Klement,Evelyn-Haberl-Weg 7/7,5389,Mautern an der Donau,Österreich,1993-12-02,Frau,Matura
K00603,Florian,Pölzl,Kammererweg 9/1,9457,Radenthein,Österreich,2008-11-29,Frau,Lehre
K00604,Laila,Rössler,Gloria-Kellner-Ring 4/3,4823,Kufstein,Österreich,2009-11-15,Mann,Studium
K00605,Jovana,Schindler,Hofmanngasse 27,9453,Mödling,Österreich,2017-09-27,Mann,Matura
K00606,Anna-Lena,Dünser,Lara-Lindinger-Straße 629,5886,Mannersdorf am Leithagebirge,Österreich,1968-09-23,Mann,Matura
K00607,Aleksander,Gasser,Wittmannstraße 287,8119,Laa an der Thaya,Österreich,2003-02-24,Frau,Lehre
K00608,Lotta,Oberndorfer,Schlöglstraße 43,6231,Fischamend,Österreich,1968-07-21,Mann,Matura
K00609,William,Wolf,Schönauerplatz 4,8286,Mattersburg,Österreich,1974-06-30,Frau,Lehre
K00610,Lionel,Artner,Juenweg 4/1,4262,Bad Sankt Leonhard im Lavanttal,Österreich,1995-04-26,Frau,Lehre
K00611,Aurelia,Neuwirth,Philipp-Adler-Straße 8/2,3138,Wien,Österreich,2002-04-13,Mann,Studium
K00612,Milan,Moosbrugger,Schmidingerweg 9/3,9910,Voitsberg,Österreich,1943-12-25,Mann,Matura
K00613,Jasper,Weninger,Köckring 449,1035,Tulln an der Donau,Österreich,1989-08-31,Mann,Lehre
K00614,Charlotte,Thaller,Ackerlstr. 0/3,7375,Friesach,Österreich,1983-09-07,Divers,Lehre
K00615,Estelle,Handl,Kasparring 7/7,7467,Lilienfeld,Österreich,1991-07-31,Frau,Lehre
K00616,Melisa,Keller,Theresa-Aichholzer-Platz 7,6910,Rattenberg,Österreich,1961-10-07,Mann,kein Schulabschluss
K00617,Lara,Teufl,Plattnerplatz 4,3460,Frauenkirchen,Österreich,1999-06-21,Frau,Lehre
K00618,Leonora,Widmann,Yvonne-Geier-Ring 059,6536,Steyregg,Österreich,1956-04-09,Frau,Matura
K00619,Liam,Kriegl,Schöpfweg 5/4,5894,Jennersdorf,Österreich,2019-12-05,Divers,Lehre
K00620,Adriana,Gartner,Knausstraße 5,8261,Kufstein,Österreich,2008-09-30,Frau,Matura
K00621,Lennart,Schön,Binderring 1,7463,Ternitz,Österreich,1944-03-12,Frau,Studium
K00622,Luca,Kraft,Zieglergasse 07,1750,Wieselburg,Österreich,1990-06-26,Frau,Matura
K00623,Bruno,Nagele,Erlerstraße 0/1,4408,Berndorf,Österreich,2015-09-19,Mann,kein Schulabschluss
K00624,Selena,Kessler,Trattnerstraße 951,8050,Freistadt,Österreich,2012-12-19,Frau,Matura
K00625,Leandra,Denk,Marcus-Bischof-Straße 4/9,8516,Klosterneuburg,Österreich,1943-05-13,Frau,Matura
K00626,Martina,Stern,Nicole-Lintner-Ring 8,8520,Traun,Österreich,1951-03-02,Mann,Lehre
K00627,Salma,Lackner,Karoline-Röck-Weg 4,3439,Marchegg,Österreich,1995-03-17,Frau,Lehre
K00628,Severin,Glück,Antonio-Schuster-Platz 351,7887,Wiener Neustadt,Österreich,1957-03-25,Mann,Matura
K00629,Marie-Sophie,Windhager,Baderstr. 12,6608,Zwettl,Österreich,1999-04-06,Mann,Matura
K00630,Kyra,Zeilinger,Leoni-Messner-Platz 1,9322,Gleisdorf,Österreich,1964-03-12,Mann,Matura
K00631,Clarissa,Hauser,Deckerplatz 8/8,6392,Steyr,Österreich,1946-09-15,Mann,Matura
K00632,Sam,Humer,Pia-Loidl-Gasse 6,1724,Waidhofen an der Ybbs,Österreich,1973-09-16,Mann,Lehre
K00633,Konrad,Roth,Melina-Weiss-Platz 674,8855,Feldkirchen,Österreich,1988-11-19,Mann,Matura
K00634,Ariana,Pfeffer,Liliane-Schüller-Weg 9,2869,Judenburg,Österreich,1981-07-19,Frau,Lehre
K00635,Axel,Schwaiger,Pockgasse 63,4181,Langenlois,Österreich,1967-12-26,Frau,Studium
K00636,Marvin,Hofstätter,Annabell-Schaller-Straße 34,6273,Wolfsberg,Österreich,1998-07-31,Frau,kein Schulabschluss
K00637,Therese,Kaiser,Richtergasse 9/3,8186,Ebreichsdorf,Österreich,1982-03-10,Frau,Lehre
K00638,Barbara,Krug,Barthring 295,6117,Köflach,Österreich,1984-02-19,Mann,Studium
K00639,Anika,Sailer,Magdalena-Scherz-Weg 5,3131,Leibnitz,Österreich,1988-12-02,Mann,Matura
K00640,Rosalie,Holzinger,Nikolai-Kain-Straße 874,4040,Wörgl,Österreich,1975-07-17,Frau,Matura
K00641,Max,Perner,Sabine-Waldner-Gasse 0,2923,Wieselburg,Österreich,1993-12-04,Frau,kein Schulabschluss
K00642,Angelina,Grasser,Schüllerweg 4,9074,Enns,Österreich,1972-04-26,Mann,Matura
K00643,Linnea,Sommer,Kösslerstraße 5,4526,Deutschlandsberg,Österreich,1950-06-07,Mann,Lehre
K00644,Angelina,Lenz,Lippgasse 3/5,5481,Althofen,Österreich,2000-09-10,Mann,Lehre
K00645,Raffaela,Riedl,Verena-Zehetner-Ring 5/4,4842,Waidhofen an der Thaya,Österreich,1942-09-04,Mann,Lehre
K00646,Theodora,Pammer,Ganglplatz 7,5455,Fischamend,Österreich,2010-01-17,Frau,Matura
K00647,Marcel,Klug,William-Weiß-Straße 280,9284,Zell am See,Österreich,1946-06-04,Frau,Lehre
K00648,Eva,Pröll,Leopoldring 017,1311,Straßburg,Österreich,1984-04-11,Mann,Lehre
K00649,Arda,Haslinger,Franziska-Heim-Gasse 89,6409,Bischofshofen,Österreich,1968-08-30,Frau,Matura
K00650,Emma,Binder,Lora-Hörmann-Weg 6/4,1387,Neusiedl am See,Österreich,1948-04-20,Mann,Studium
K00651,Nikolai,Rabl,Nadin-Probst-Ring 73,9680,Steyregg,Österreich,1945-05-05,Mann,Matura
K00652,Laurin,Walser,Leah-Haslinger-Gasse 84,7125,Tulln an der Donau,Österreich,1943-11-06,Frau,Studium
K00653,Elisa,Scherer,Ines-Walcher-Ring 592,6794,Köflach,Österreich,1971-08-08,Frau,Studium
K00654,Jacob,Zehetner,Annabell-Kummer-Weg 1/0,8752,Pregarten,Österreich,1965-11-29,Mann,Studium
K00655,Jasmina,Radl,Emma-Stiegler-Ring 378,9152,Purbach am Neusiedler See,Österreich,1942-05-07,Mann,Studium
K00656,Annalena,Sorger,Trinklplatz 131,3261,Wörgl,Österreich,2019-12-23,Frau,Studium
K00657,Justin,Reif,Trattnerring 5,3081,Ybbs an der Donau,Österreich,1959-11-25,Mann,Matura
K00658,Beni,Höfler,Leonhartsbergerstr. 2,2698,Weitra,Österreich,1971-01-11,Frau,Matura
K00659,Paula,Kössler,Glaserstraße 538,7239,Pöchlarn,Österreich,1956-08-14,Mann,Lehre
K00660,Luka,Pertl,Emely-Kröll-Weg 8/1,9924,Liezen,Österreich,2000-06-07,Mann,Lehre
K00661,Raphael,Springer,Walterweg 9/7,8947,Pinkafeld,Österreich,1954-05-18,Frau,Lehre
K00662,Damian,Rohrmoser,Paula-Bucher-Platz 99,7007,Ebenfurth,Österreich,2013-03-21,Divers,Lehre
K00663,Filip,Heinrich,Staudingerstraße 0/8,4538,Feldkirchen,Österreich,1967-05-22,Mann,Matura
K00664,Lina,Aichholzer,Zöhrerplatz 9,8735,Peuerbach,Österreich,2000-01-27,Frau,Matura
K00665,Esther,Santner,Vera-Pacher-Platz 9,3446,Bad Sankt Leonhard im Lavanttal,Österreich,1972-05-05,Frau,Matura
K00666,Alexandar,Buchberger,Mannstraße 6/5,7719,Jennersdorf,Österreich,1987-04-18,Mann,Studium
K00667,Nathan,Scheucher,Lena-Hammerer-Ring 22,7527,Saalfelden am Steinernen Meer,Österreich,1961-07-21,Divers,Matura
K00668,Clemens,Dobler,Kummerring 7,2485,Mödling,Österreich,2018-01-14,Mann,Matura
K00669,Luca,Jung,Stegerweg 7,2287,Marchegg,Österreich,2017-06-25,Mann,kein Schulabschluss
K00670,Leonie,Schweighofer,Liliane-Gangl-Weg 0,5833,Wolkersdorf,Österreich,1955-01-08,Mann,Matura
K00671,Mina,Engel,Kaspargasse 2/5,6469,Mariazell,Österreich,1960-08-04,Frau,Matura
K00672,Melek,Erler,Seifertring 6/4,9555,Jennersdorf,Österreich,1979-04-22,Frau,Lehre
K00673,Luis,Brenner,Schrempfgasse 51,4182,Bruck an der Leitha,Österreich,1953-10-27,Mann,Lehre
K00674,Niklas,Dietl,Marko-Larcher-Platz 5,7806,Bruck an der Leitha,Österreich,2014-06-27,Divers,kein Schulabschluss
K00675,Isabell,Vogler,Ostermannring 613,8652,Mannersdorf am Leithagebirge,Österreich,1943-07-06,Frau,Matura
K00676,Ylvie,Burgstaller,Markplatz 674,9860,Mureck,Österreich,1979-07-26,Mann,Matura
K00677,Konstantin,Lassnig,Schrammring 24,3752,Groß-Siegharts,Österreich,2013-07-27,Frau,Studium
K00678,Karla,Schreiber,Adrian-Kohler-Straße 212,8963,Gleisdorf,Österreich,1989-03-03,Frau,Lehre
K00679,Andrea,Buchberger,Jahngasse 518,5893,Sankt Pölten,Österreich,1990-12-13,Mann,Matura
K00680,Julian,Lichtenegger,Kreuzerring 311,5312,Bärnbach,Österreich,1965-12-01,Frau,Lehre
K00681,Aleksander,Knaus,Ganglring 04,1988,Bad Hall,Österreich,1949-11-04,Frau,Matura
K00682,Lorena,Haiden,Lebergasse 182,4015,Gföhl,Österreich,2015-03-24,Frau,Lehre
K00683,Katarina,Gattringer,Pröllstraße 98,1640,Gmünd in Kärnten,Österreich,2020-12-18,Frau,Studium
K00684,Annalena,Margreiter,Trummerstraße 35,5733,Altheim,Österreich,1971-10-18,Mann,Lehre
K00685,Marko,Trattner,Manuel-Gross-Weg 2,3925,Raabs an der Thaya,Österreich,1953-05-17,Divers,Lehre
K00686,Mila,Kappel,Kreuzerring 1/7,7605,Ybbs an der Donau,Österreich,1979-02-21,Frau,Matura
K00687,Melanie,Köberl,Fleckweg 91,1651,Oberwart,Österreich,2016-10-27,Mann,Studium
K00688,Raphael,Pircher,Emanuel-Greiner-Gasse 877,6669,Schrems,Österreich,1955-04-05,Mann,Matura
K00689,Johanna,Bitschnau,Nico-Scharinger-Straße 96,2663,Wels,Österreich,2013-03-06,Mann,Matura
K00690,Christine,Seitz,Mühlbergerweg 7/2,6301,Schärding,Österreich,1946-01-19,Mann,Lehre
K00691,Anna-Maria,Siller,Karla-Prager-Gasse 8/4,4360,Ferlach,Österreich,1984-05-12,Divers,Lehre
K00692,Henrik,Stecher,Esther-Walser-Gasse 525,2251,Jennersdorf,Österreich,2008-06-03,Frau,Lehre
K00693,Lisa-Marie,Neumeister,Denkstr. 001,9771,Eggenburg,Österreich,1995-03-03,Frau,Lehre
K00694,Lily,Bürger,Gattringerstr. 8,3191,Geras,Österreich,1987-08-14,Divers,Matura
K00695,Viola,Hosp,Bräuerring 86,2742,Sankt Veit an der Glan,Österreich,1948-11-02,Mann,Lehre
K00696,Henry,Dittrich,Kristian-Obermüller-Straße 3,3212,Bad Leonfelden,Österreich,2004-12-08,Mann,Matura
K00697,Christine,Siegl,Feiglstr. 273,4940,Lienz,Österreich,1983-10-24,Mann,Studium
K00698,Sena,Spiegl,Schallerweg 9/5,9136,Gföhl,Österreich,1941-09-01,Mann,Lehre
K00699,Alice,Jank,Zenzstr. 0,1334,Schwaz,Österreich,1993-09-08,Frau,Matura
K00700,Nikolina,Sieber,Bergmannstraße 1,2607,Litschau,Österreich,2002-12-13,Mann,Lehre
K00701,Luca,Pirker,Emanuela-Beck-Ring 5/5,8927,Knittelfeld,Österreich,1953-10-14,Mann,Matura
K00702,Selin,Heinrich,Amelia-Friedrich-Weg 54,1888,Groß-Gerungs,Österreich,1995-12-04,Frau,Matura
K00703,Henry,Strohmayer,Matthias-Widmann-Weg 3/8,2881,Herzogenburg,Österreich,1987-02-28,Frau,Studium
K00704,Lina,Jahn,Kaiserring 99,5551,Marchtrenk,Österreich,1998-10-18,Frau,Studium
K00705,Niklas,Neumann,Felicitas-Ebner-Straße 2,8270,Ried im Innkreis,Österreich,1959-03-31,Mann,Lehre
K00706,Xavier,Neuhold,Louisa-Dietrich-Ring 7/0,1423,Eggenburg,Österreich,1995-11-24,Mann,Lehre
K00707,Elsa,Buchberger,Pöschlstr. 5/1,1727,Hainfeld,Österreich,1962-09-28,Frau,Studium
K00708,Anastasia,Seidl,Farkasring 46,8575,Klagenfurt,Österreich,2007-01-10,Mann,Lehre
K00709,Ilias,Wurzinger,Fürederweg 7/9,9662,Traiskirchen,Österreich,1975-02-03,Mann,Studium
K00710,Mathilda,Zenz,Nicole-Dorn-Straße 76,2286,Friedberg,Österreich,2018-08-29,Mann,Matura
K00711,Alena,Heinzl,Hahnstraße 5/0,9951,Kapfenberg,Österreich,2008-08-01,Mann,Lehre
K00712,Francesca,Oswald,Florian-Böck-Straße 39,4256,Stockerau,Österreich,2001-07-09,Divers,Studium
K00713,Phillip,Ladner,Nussbaumerweg 948,8380,Bruck an der Leitha,Österreich,2000-01-10,Mann,Studium
K00714,Adriano,Leonhartsberger,Andreas-Mühlberger-Gasse 205,4803,Gmünd,Österreich,1995-05-06,Frau,Studium
K00715,Johanna,Schmidl,Hauerstraße 27,2123,Gföhl,Österreich,2015-04-20,Mann,Matura
K00716,Xavier,Wiedner,Lindorferweg 7/3,5499,Altheim,Österreich,1974-07-26,Frau,Matura
K00717,Frida,König,Emilia-Leitner-Gasse 289,8896,Wilhelmsburg,Österreich,1982-01-21,Mann,kein Schulabschluss
K00718,Phillip,Pirker,Karina-Haring-Ring 39,8532,Friesach,Österreich,1971-06-14,Mann,Matura
K00719,Aaron,Prohaska,Schreinerstr. 4,4866,Retz,Österreich,1952-02-28,Mann,Matura
K00720,Oliver,Nußbaumer,Mariana-Scherr-Platz 690,8658,Salzburg,Österreich,1975-05-18,Divers,Lehre
K00721,Veronika,Pirker,Kölblweg 0/6,5522,Neunkirchen,Österreich,1997-09-08,Frau,Lehre
K00722,Heidi,Sattler,Riedmannstr. 09,6398,Straßburg,Österreich,1971-05-11,Frau,Lehre
K00723,Nils,Geisler,Zimmermannstr. 9,6554,Raabs an der Thaya,Österreich,1999-05-11,Frau,Studium
K00724,Elona,Praxmarer,Charlotte-Schwab-Weg 17,4313,Liezen,Österreich,2012-12-07,Frau,Matura
K00725,Juliana,Zeller,Scholzplatz 408,1084,Sankt Valentin,Österreich,2018-04-18,Frau,Matura
K00726,Antonio,Weiß,Koglerstr. 3/6,6974,Innsbruck,Österreich,1989-03-18,Frau,Matura
K00727,Nisa,Ebner,Schrenkplatz 740,8856,Fürstenfeld,Österreich,1984-02-09,Mann,Studium
K00728,Florin,Wiesbauer,Jeneweingasse 1/9,5413,Schärding,Österreich,1943-07-18,Frau,Matura
K00729,Leyla,Klinger,Rene-Schütz-Straße 990,6332,Rattenberg,Österreich,2003-04-03,Mann,Matura
K00730,Axel,Lagler,Schrammstraße 3,1316,Hall in Tirol,Österreich,1982-03-05,Mann,Matura
K00731,Paula,Walser,Koppgasse 0,8779,Vils,Österreich,1963-03-27,Mann,Matura
K00732,Nadja,Glück,Florin-Hütter-Ring 9/3,8992,Laa an der Thaya,Österreich,2002-04-24,Divers,kein Schulabschluss
K00733,Rita,Traxler,Rieglergasse 7,8317,Leibnitz,Österreich,1967-09-26,Divers,Lehre
K00734,Linda,Wilfinger,Mayrhoferplatz 54,4260,Stockerau,Österreich,1985-08-25,Frau,Matura
K00735,Irma,Bayer,Diana-Eisner-Straße 1,7724,Salzburg,Österreich,1973-03-29,Frau,Matura
K00736,Juliane,Augustin,Melissa-Nagl-Straße 86,3435,Frohnleiten,Österreich,1983-11-26,Frau,Lehre
K00737,Lilli,Wimmer,Leoni-Gindl-Straße 95,7472,Straßburg,Österreich,1976-03-03,Mann,Matura
K00738,Philipp,Zöchling,Draxlerplatz 838,3528,Eferding,Österreich,2016-12-16,Frau,Matura
K00739,Nicolas,Hochreiter,Lily-Teufl-Weg 2/1,9524,Stockerau,Österreich,1975-12-09,Frau,Lehre
K00740,Verena,Puntigam,Petzstr. 9,6915,Gloggnitz,Österreich,2012-02-23,Frau,Lehre
K00741,Jasper,Pointner,Stummerplatz 6,4596,Groß-Gerungs,Österreich,1941-09-16,Frau,kein Schulabschluss
K00742,Manuel,Hofstetter,Alexandra-Schauer-Platz 7,5415,Gloggnitz,Österreich,2006-10-05,Mann,Lehre
K00743,Aleksander,Kirchner,Jana-Hütter-Ring 8/0,1160,Jennersdorf,Österreich,1964-11-25,Mann,Matura
K00744,David,Dengg,Thomas-Sturm-Ring 2/1,5957,Dürnstein,Österreich,1950-12-17,Mann,Lehre
K00745,Timo,Wiener,Koppensteinerplatz 7,8928,Ebenfurth,Österreich,1970-05-25,Mann,Lehre
K00746,Henri,Messner,Dennis-Moritz-Weg 7,4674,Ansfelden,Österreich,1993-02-04,Mann,Lehre
K00747,Natan,Pertl,Diana-Leibetseder-Gasse 164,3530,Radstadt,Österreich,2003-02-09,Frau,Matura
K00748,Selina,Juen,Erlacherstr. 7/0,2755,Berndorf,Österreich,2011-04-21,Frau,Matura
K00749,Maryam,Salzmann,Amelie-Resch-Weg 450,4094,Freistadt,Österreich,1970-12-17,Mann,Studium
K00750,Emma,Riepl,Sonja-Petz-Ring 0,6785,Gloggnitz,Österreich,2000-04-14,Frau,Matura
K00751,Jessica,Herrmann,Mathilda-Zechmeister-Gasse 5/2,8176,Oberpullendorf,Österreich,2002-09-11,Mann,Lehre
K00752,Angelo,Pilz,Rosa-Scheiber-Ring 903,8588,Drosendorf-Zissersdorf 1,Österreich,1997-10-28,Mann,Lehre
K00753,Mathias,Neumüller,Evelyn-Kopp-Platz 9/5,2452,Wieselburg,Österreich,1942-04-17,Frau,Matura
K00754,Leah,Kloiber,Mittererstr. 9,3657,Eferding,Österreich,1952-02-28,Frau,Matura
K00755,Ina,Enzinger,Steiningerring 79,5089,Imst,Österreich,1977-10-11,Frau,Matura
K00756,Alma,Kral,Irma-Praxmarer-Weg 38,6565,Laa an der Thaya,Österreich,1968-08-02,Frau,kein Schulabschluss
K00757,Nela,Steinberger,Steurerstr. 00,6764,Schrems,Österreich,1991-05-24,Mann,kein Schulabschluss
K00758,Maurice,Wiener,Miriam-Platzer-Gasse 53,9915,Bregenz,Österreich,1971-12-23,Frau,Studium
K00759,Dennis,Baier,Vincent-Schinagl-Weg 6,5084,Eferding,Österreich,1979-08-05,Mann,Studium
K00760,Alexandar,Brunner,Maya-Scheucher-Gasse 76,5108,Knittelfeld,Österreich,2014-07-15,Mann,Studium
K00761,Ariana,Kiss,Hausbergerplatz 0/2,9043,Hainburg an der Donau,Österreich,1988-01-02,Mann,Lehre
K00762,Felicitas,Oberndorfer,Sailerring 5/9,6625,Rottenmann,Österreich,2000-05-23,Frau,Lehre
K00763,David,Kronsteiner,Ylvie-Wenzl-Weg 5,3200,Frauenkirchen,Österreich,2010-10-10,Mann,Lehre
K00764,Leander,Penz,Geyerstraße 5,4684,Bleiburg,Österreich,2007-07-04,Frau,Matura
K00765,Romy,Lutz,Jankweg 9/9,9999,Tulln an der Donau,Österreich,1985-01-22,Mann,Matura
K00766,Mona,Zimmermann,Pehamweg 1,2181,Mistelbach an der Zaya,Österreich,1995-02-09,Frau,Lehre
K00767,Jan,Sigl,Ellie-Bäck-Straße 1/8,6472,Salzburg,Österreich,2010-06-04,Mann,Lehre
K00768,Andjelina,Zeilinger,Kalina-Kucera-Weg 22,3861,Schwanenstadt,Österreich,1982-09-18,Mann,Matura
K00769,Roman,Gritsch,Adlergasse 5/0,5929,Zell am See,Österreich,1985-12-01,Mann,Matura
K00770,David,Schwaiger,Fabian-Hermann-Weg 662,2915,Fürstenfeld,Österreich,1998-09-21,Frau,Lehre
K00771,Annabell,Strobl,Steinbacherring 40,2565,Lilienfeld,Österreich,1974-04-10,Frau,Lehre
K00772,Maksim,Klotz,Reindlgasse 57,6538,Rattenberg,Österreich,1979-06-18,Divers,Matura
K00773,Konrad,Hausberger,Pflegergasse 97,4450,Ybbs an der Donau,Österreich,1972-11-21,Frau,Matura
K00774,Carolina,Lindner,Sophie-Sonnleitner-Platz 78,8722,Deutschlandsberg,Österreich,1969-06-01,Mann,Matura
K00775,Kristina,Spiegl,Leoni-Dallinger-Weg 0/6,4305,Raabs an der Thaya,Österreich,1955-12-13,Frau,Matura
K00776,Alena,Hörmann,Rablweg 2/1,5337,Saalfelden am Steinernen Meer,Österreich,1965-01-26,Frau,Studium
K00777,Sara,Steinacher,Schenkplatz 8,7449,Zeltweg,Österreich,1980-05-05,Mann,Lehre
K00778,Sarah,Wachter,Bianca-Stütz-Ring 068,1403,Saalfelden am Steinernen Meer,Österreich,1955-09-04,Frau,Lehre
K00779,Fernando,Pircher,Yasmina-Höller-Platz 90,8155,Sankt Valentin,Österreich,2008-10-10,Frau,Studium
K00780,Nicholas,Steurer,Ostermannring 43,4028,Sankt Pölten,Österreich,1963-12-26,Mann,Lehre
K00781,Carla,Urban,Tea-Schilcher-Platz 863,9904,Friedberg,Österreich,1964-10-23,Frau,Lehre
K00782,Elona,Staudacher,Liststraße 6,9106,Hallein,Österreich,1968-03-14,Frau,Lehre
K00783,Lionel,Suppan,Seifertplatz 55,9574,Gleisdorf,Österreich,2001-05-09,Frau,Lehre
K00784,Andjela,Beck,Victor-Fiedler-Weg 9/6,4537,Enns,Österreich,1975-09-28,Frau,Matura
K00785,Anna-Maria,Bock,Edda-Trummer-Straße 319,1718,Eferding,Österreich,2016-02-08,Frau,Lehre
K00786,Laurenz,Rauscher,Naglstr. 6,8943,Eferding,Österreich,2007-07-07,Frau,Studium
K00787,Nick,Rainer,Elma-Lammer-Gasse 2,4007,Raabs an der Thaya,Österreich,2016-06-13,Mann,Lehre
K00788,Evelyn,Rudolf,Weinbergerplatz 72,4573,Geras,Österreich,1976-06-21,Mann,Matura
K00789,Angelina,Hofbauer,Fellingerring 8,7472,Straßburg,Österreich,1952-03-30,Frau,Matura
K00790,Boris,Steger,Rauterstr. 920,1599,Pulkau,Österreich,1965-01-30,Mann,Lehre
K00791,Rachel,Geiger,Rauschgasse 69,8248,Schladming,Österreich,1977-05-01,Frau,Matura
K00792,Mike,Bachmann,Henrik-Schindler-Ring 43,8226,Waidhofen an der Thaya,Österreich,1969-06-19,Divers,Lehre
K00793,Tanja,Siller,Angelo-Huber-Ring 11,1291,Zell am See,Österreich,1986-07-05,Frau,Lehre
K00794,Fernando,Zettl,Nicola-Neumüller-Platz 4,6111,Oberpullendorf,Österreich,1962-07-31,Mann,Matura
K00795,Bianca,Fitz,Jägergasse 2/5,7013,Hainburg an der Donau,Österreich,1978-08-26,Frau,Studium
K00796,Nikola,Hummel,Kasperstr. 7,5165,Althofen,Österreich,1941-06-01,Mann,Lehre
K00797,Julijana,Meier,Aurora-Handl-Weg 295,1984,Neunkirchen,Österreich,2008-06-06,Frau,Matura
K00798,Laurenz,Jahn,Matheo-Schmölzer-Ring 7,9378,Schwaz,Österreich,1956-05-22,Mann,Lehre
K00799,Alara,Gritsch,Plankplatz 324,5012,Knittelfeld,Österreich,1976-02-24,Mann,Studium
K00800,Leticia,Margreiter,Denise-Nussbaumer-Ring 78,8603,Attnang-Puchheim,Österreich,1946-01-27,Mann,Lehre
K00801,Larissa,Friedl,Alan-Wiesner-Gasse 929,3814,Friesach,Österreich,1946-04-06,Mann,Lehre
K00802,Veronika,Sperl,Reiterplatz 7,1407,Zeltweg,Österreich,2010-10-30,Mann,Matura
K00803,Frederik,Schöffmann,Severin-Probst-Gasse 028,5817,Neusiedl am See,Österreich,1977-06-05,Mann,Studium
K00804,Aaron,Ferstl,Anton-Glatz-Straße 078,7856,Grieskirchen,Österreich,1956-08-14,Mann,Matura
K00805,Clemens,Neumüller,Philip-Dietrich-Platz 9,1069,Mattighofen,Österreich,2003-01-29,Frau,Matura
K00806,Lia,Hödl,Mairhoferstraße 9,1578,Herzogenburg,Österreich,1953-08-24,Frau,Lehre
K00807,Isabella,Weiß,Reinischstraße 801,3015,Eisenerz,Österreich,1941-06-25,Mann,Matura
K00808,Gloria,Weninger,Marie-Sophie-Ostermann-Ring 0/4,2269,Litschau,Österreich,2013-04-24,Divers,Matura
K00809,Gabriela,Geyer,Seiwaldstr. 4,2029,Gmünd,Österreich,1976-06-04,Frau,Matura
K00810,Josef,Gabriel,Nathalie-Lintner-Straße 5,2481,Deutschlandsberg,Österreich,2000-06-11,Mann,Lehre
K00811,Luna,Metzler,Annalena-Martin-Ring 68,4907,Steyregg,Österreich,2002-02-28,Frau,Studium
K00812,Edda,Feigl,Leonardo-Paul-Weg 42,7679,Schwaz,Österreich,1996-11-04,Mann,Matura
K00813,Lotte,Haindl,Marie-Louise-Polzer-Ring 164,9795,Friesach,Österreich,1983-06-08,Mann,Matura
K00814,Anton,Suppan,Lacknerweg 090,4806,Feldkirchen,Österreich,1964-01-17,Mann,Matura
K00815,Kevin,Krall,Bernadette-Leibetseder-Gasse 5/5,9892,Bruck an der Leitha,Österreich,1947-01-20,Frau,Lehre
K00816,Elma,Reitbauer,Vivian-Bernhard-Platz 422,9299,Tulln an der Donau,Österreich,1972-12-11,Frau,Matura
K00817,Anabella,Wolf,Amanda-Loibl-Weg 8,7874,Oberndorf bei Salzburg,Österreich,2002-02-26,Frau,Lehre
K00818,Mateo,Eder,Niederlring 1,5831,Friedberg,Österreich,1954-12-20,Mann,Lehre
K00819,Lily,Wiesner,Blumstr. 8,8278,Bruck an der Leitha,Österreich,1948-07-17,Divers,Studium
K00820,Stella,Kitzler,Lotte-Klaus-Straße 07,5467,Bludenz,Österreich,1991-12-16,Frau,Studium
K00821,Elma,Bogner,Arthur-Larcher-Straße 9,7783,Peuerbach,Österreich,2002-04-14,Frau,Matura
K00822,Amelia,Thurner,Nele-Hammerer-Straße 46,3959,Trofaiach,Österreich,1949-09-08,Mann,Matura
K00823,Paul,Wenzl,Ferdinand-Wiener-Platz 546,4027,Imst,Österreich,2013-05-01,Mann,Studium
K00824,Clemens,Heigl,Vogtplatz 6/0,2399,Sankt Andrä im Lavanttal,Österreich,2020-06-30,Frau,Matura
K00825,Raphael,Vogler,Heinzgasse 818,6422,Zwettl,Österreich,1946-05-10,Mann,Lehre
K00826,Alma,Wechselberger,Lennart-Pucher-Ring 57,5916,Sankt Valentin,Österreich,1959-11-05,Mann,Lehre
K00827,Bernadette,Leithner,Dannergasse 757,7756,Straßburg,Österreich,1959-05-05,Mann,Studium
K00828,Leopold,Kammerer,Pokornyweg 84,9774,Hardegg,Österreich,2012-05-20,Frau,Lehre
K00829,Anja,Schweitzer,Adriano-Bittner-Weg 74,5700,Laakirchen,Österreich,1978-12-05,Mann,Lehre
K00830,Fiona,Laimer,Koberweg 360,1644,Peuerbach,Österreich,1950-08-11,Frau,Matura
K00831,Lean,Spitzer,Iris-Macher-Platz 0/6,2122,Raabs an der Thaya,Österreich,1971-09-05,Frau,Matura
K00832,Anton,Mathis,Jessica-Horak-Platz 4,9899,Oberpullendorf,Österreich,1955-07-30,Divers,Studium
K00833,Ines,Foidl,Naomi-Rabl-Weg 4/2,3467,Lilienfeld,Österreich,2012-01-19,Mann,Studium
K00834,Matthias,Thaler,Alma-Zehetner-Straße 2/9,9103,Freistadt,Österreich,1993-10-12,Mann,Studium
K00835,Clemens,Larcher,Sonnleitnerring 3/0,6224,Traismauer,Österreich,2017-06-09,Mann,Studium
K00836,Liliana,Hinterberger,Marteplatz 91,2922,Kufstein,Österreich,2016-11-02,Frau,Studium
K00837,Jannis,Radl,Schlosserstr. 9/5,8747,Jennersdorf,Österreich,2019-04-04,Frau,Lehre
K00838,Lea,König,Schullerplatz 69,1580,Rohrbach in Oberösterreich,Österreich,1968-09-12,Mann,Lehre
K00839,Niklas,Haller,Widhalmgasse 4,9753,Trofaiach,Österreich,2006-03-26,Mann,Matura
K00840,Bernhard,Fiedler,Wandlstraße 984,5832,Klagenfurt,Österreich,1988-07-25,Mann,Studium
K00841,Marcel,Larcher,Gabrielgasse 310,7117,Eggenburg,Österreich,1997-07-05,Frau,Studium
K00842,Domenica,Hämmerle,Nela-Eberharter-Platz 208,3682,Oberwälz,Österreich,1996-06-24,Mann,Studium
K00843,Henrik,Schalk,Anna-Felder-Gasse 060,8735,Marchtrenk,Österreich,1978-04-13,Frau,Matura
K00844,Lorenz,Grünberger,Lennart-Nagel-Straße 526,8824,Wolkersdorf,Österreich,2015-04-12,Frau,Matura
K00845,Karoline,Adam,Rebecca-Neubacher-Gasse 318,3096,Mank,Österreich,1994-06-06,Mann,Matura
K00846,Fridolin,Schmidt,Bichlerstraße 03,7030,Baden,Österreich,1979-10-03,Mann,Lehre
K00847,Erwin,Kriegl,Lina-Dietrich-Straße 0/2,9755,Sankt Veit an der Glan,Österreich,2012-07-21,Mann,Lehre
K00848,Lara,Zotter,Lucas-Graf-Gasse 3,5331,Villach,Österreich,2019-08-14,Mann,Lehre
K00849,Linnea,Rettenbacher,Teodor-Karrer-Straße 5,6075,Peuerbach,Österreich,1947-08-21,Divers,Matura
K00850,Malena,Handl,Krenngasse 68,6323,Mistelbach an der Zaya,Österreich,2018-07-26,Divers,Lehre
K00851,Therese,Kramer,Isa-Franz-Straße 19,7879,Eisenstadt,Österreich,1952-09-07,Mann,Matura
K00852,Laurenz,Bock,Manuela-Sattler-Weg 20,7743,Freistadt,Österreich,1966-08-09,Mann,Lehre
K00853,Kalina,Rotter,Laila-Steininger-Gasse 445,8458,Liezen,Österreich,2020-11-01,Frau,Lehre
K00854,Michael,Breuer,Wilhelmweg 7,9364,Sankt Valentin,Österreich,1968-01-27,Frau,Matura
K00855,Lionel,Bruckner,Martin-Moritz-Platz 707,4940,Vils,Österreich,1973-11-06,Mann,Lehre
K00856,Constantin,Rohrer,Eichbergerstraße 5,9831,Marchtrenk,Österreich,1950-08-03,Frau,Matura
K00857,Armin,Galler,Sabine-Haderer-Gasse 3,1129,Sankt Johann im Pongau,Österreich,1960-07-19,Mann,Studium
K00858,Mara,Lechner,Gustav-Kopf-Straße 9/4,1498,Hainburg an der Donau,Österreich,1970-06-16,Mann,Matura
K00859,Noah,Bichler,Beckweg 6/0,8745,Wörgl,Österreich,1963-01-23,Divers,Lehre
K00860,Anja,Lenz,Emma-Aigner-Weg 0/4,2331,Lienz,Österreich,2011-03-17,Mann,Lehre
K00861,Lars,Gruber,Hölzlplatz 265,8578,Langenlois,Österreich,1950-03-11,Mann,Lehre
K00862,Patrick,Stockinger,Yasmina-Leithner-Weg 0,4481,Zwettl,Österreich,1960-07-16,Frau,Lehre
K00863,Lorenz,Jäger,Hochreiterring 461,2026,Schwechat,Österreich,1940-08-16,Frau,Studium
K00864,Darko,Fröschl,Rosalie-Stern-Straße 1,7038,Eisenstadt,Österreich,1992-06-04,Frau,Matura
K00865,Theo,Herzog,Laila-Kummer-Weg 407,3259,Retz,Österreich,1997-05-10,Mann,Matura
K00866,Laila,Ladner,Schulzplatz 42,4230,Köflach,Österreich,2016-04-06,Frau,Lehre
K00867,Claire,Friedl,Heindlring 6,3142,Neumarkt am Wallersee,Österreich,2000-05-26,Mann,Studium
K00868,Nathan,Kopp,Lola-Zehetner-Platz 2/1,8247,Hall in Tirol,Österreich,1978-01-31,Mann,Lehre
K00869,Leonardo,Kirschner,Neunergasse 1,6362,Wien,Österreich,1944-10-09,Mann,Lehre
K00870,Berra,Müller,Anastasia-Leibetseder-Straße 600,3487,Grein,Österreich,1969-12-09,Frau,Matura
K00871,Christian,Sammer,Alex-Schubert-Ring 80,8743,Mank,Österreich,1976-09-21,Frau,kein Schulabschluss
K00872,Carolina,Pühringer,Stefanie-List-Straße 870,2787,Sankt Valentin,Österreich,1977-01-24,Mann,Matura
K00873,Florentin,Geier,Marius-Steinböck-Weg 87,6219,Fischamend,Österreich,1999-02-14,Mann,Lehre
K00874,Mariella,Friedrich,Edergasse 423,6044,Wörgl,Österreich,1949-12-07,Frau,Lehre
K00875,Ricardo,Lassnig,Leonhard-Kofler-Gasse 959,7635,Langenlois,Österreich,1970-01-10,Frau,Lehre
K00876,Barbara,Scheer,Kösslerstr. 6/5,5849,Bad Hall,Österreich,1974-01-28,Mann,Lehre
K00877,Leah,Bayer,Anne-Karl-Straße 24,9586,Kindberg,Österreich,2020-11-03,Divers,Studium
K00878,Caroline,Oberhauser,Nela-Jauk-Ring 0/5,8034,Ybbs an der Donau,Österreich,2015-11-28,Frau,Matura
K00879,Oscar,Stefan,Melina-Schuller-Platz 4/2,1276,Gmünd,Österreich,1965-09-22,Mann,Matura
K00880,Milica,Zeiler,Mateo-Unterweger-Straße 061,4777,Hainfeld,Österreich,1995-03-06,Mann,Studium
K00881,Marta,Dorfer,Rosalie-Schönberger-Ring 2,8602,Pregarten,Österreich,1955-01-14,Mann,Matura
K00882,Angelo,Freudenthaler,Steinbauergasse 9,7209,Leoben,Österreich,2009-05-11,Mann,Lehre
K00883,Ajna,Haumer,Emil-Pilz-Straße 1,4763,Mattersburg,Österreich,1968-03-28,Frau,Matura
K00884,Matheo,Schauer,Haidingerweg 3/7,1430,Gföhl,Österreich,1960-01-31,Mann,Lehre
K00885,Nico,Trummer,Neubacherstraße 604,1855,Mank,Österreich,1974-08-17,Mann,Matura
K00886,Violetta,Hofbauer,Aylin-Lipp-Gasse 310,6371,Spittal an der Drau,Österreich,1958-10-26,Frau,Studium
K00887,Angelo,Gartner,Nöbauerstr. 3/7,8266,Purbach am Neusiedler See,Österreich,1949-08-28,Frau,Lehre
K00888,Diana,Kriegl,Lotte-Schmidl-Ring 7,2358,Waidhofen an der Thaya,Österreich,1947-07-17,Frau,Lehre
K00889,Erwin,Penz,Peter-Rossmann-Weg 5/5,1530,Gleisdorf,Österreich,1962-01-07,Mann,Studium
K00890,Pia,Zehetner,Anna-Lena-Gritsch-Gasse 19,6433,Bad Vöslau,Österreich,1979-11-14,Mann,Studium
K00891,Yvonne,Mitteregger,Rennergasse 6/7,6452,Bärnbach,Österreich,2016-11-27,Mann,Matura
K00892,Kyra,Langer,Emely-Jahn-Weg 12,7077,Klosterneuburg,Österreich,2013-01-05,Frau,Studium
K00893,Jakob,Raab,Kraxnerstraße 4/4,3323,Laakirchen,Österreich,1976-05-19,Frau,Matura
K00894,Nino,Böhler,Cristiano-Koppensteiner-Gasse 22,5393,Schrattenthal,Österreich,1996-10-28,Mann,Matura
K00895,Karla,Rosenberger,Mayrhoferring 2/3,1517,Schladming,Österreich,1955-06-14,Mann,Matura
K00896,Natan,Schlager,Leandra-Loibl-Platz 5/8,1233,Mürzzuschlag,Österreich,1999-04-06,Frau,Matura
K00897,Mert,Hausberger,Unterbergerstr. 8/8,6923,Marchtrenk,Österreich,1978-05-06,Mann,Lehre
K00898,Emely,Nöbauer,Lino-Wenzl-Weg 01,6430,Wolfsberg,Österreich,1991-06-13,Frau,Lehre
K00899,Louisa,Fiedler,Andrej-Reischl-Weg 682,5511,Deutschlandsberg,Österreich,1974-08-22,Mann,kein Schulabschluss
K00900,Rosa,Prager,Kyra-Marte-Weg 057,8763,Wilhelmsburg,Österreich,2004-07-08,Frau,Matura
K00901,Carla,Bösch,Friedlplatz 9,7825,Leoben,Österreich,2009-10-08,Mann,Lehre
K00902,Yvonne,Puntigam,Rinnerplatz 5/5,7139,Feldkirchen,Österreich,2003-03-31,Mann,Matura
K00903,Vera,Sailer,Laimerplatz 8,5608,Scheibbs,Österreich,1996-07-19,Frau,Lehre
K00904,Alexandra,Windisch,Leoni-Schneeberger-Ring 670,5836,Knittelfeld,Österreich,1951-02-05,Mann,Lehre
K00905,Katharina,Sailer,Reifring 6/6,7889,Innsbruck,Österreich,2016-05-01,Frau,Matura
K00906,Henry,Richter,Veitplatz 7/6,8337,Köflach,Österreich,1945-06-12,Mann,kein Schulabschluss
K00907,Lilian,Kaltenbrunner,Maya-Felber-Straße 7/0,4287,Gänserndorf,Österreich,1995-06-30,Mann,Studium
K00908,Konstantin,Pühringer,Boris-Kraft-Weg 6,7865,Heidenreichstein,Österreich,1982-01-28,Mann,Matura
K00909,Therese,Kaindl,Gabriela-Oberhauser-Platz 342,3112,Friesach,Österreich,2017-09-12,Frau,Lehre
K00910,Theodora,Heinzl,Stücklerring 4/0,4550,Feldkirch,Österreich,1972-06-05,Mann,Lehre
K00911,Claudia,Jäger,Axel-Bachler-Weg 218,1368,Wels,Österreich,1943-11-04,Frau,Matura
K00912,Elias,Marte,Nikola-Klaus-Straße 4,2766,Mank,Österreich,1952-02-22,Frau,Matura
K00913,Teodor,Falkner,Gassnerplatz 783,1958,Traun,Österreich,1969-05-22,Mann,Studium
K00914,Luise,Pichler,Juliana-Nagl-Straße 54,1085,Fürstenfeld,Österreich,2013-06-01,Frau,Lehre
K00915,Anabella,Widmann,Ines-Siller-Weg 86,4425,Geras,Österreich,2015-06-11,Divers,Matura
K00916,Sophie-Marie,Dengg,Rosenbergerplatz 3,3021,Althofen,Österreich,1943-02-08,Frau,Matura
K00917,Christina,Pfeiffer,Friedrich-Haderer-Weg 7/2,1031,Mödling,Österreich,1974-07-30,Frau,Matura
K00918,Chris,Holzer,Beckring 4,3883,Knittelfeld,Österreich,2013-08-22,Mann,Lehre
K00919,Kerstin,Leeb,Dominik-Spiegl-Platz 2/8,9672,Wels,Österreich,1945-10-05,Frau,Lehre
K00920,Lia,Trauner,Selina-Füreder-Weg 5,5016,Herzogenburg,Österreich,1962-04-17,Mann,Lehre
K00921,Katharina,Probst,Soraya-Bischof-Platz 15,7450,Oberwart,Österreich,2000-10-29,Mann,Matura
K00922,Matteo,Strauss,Pauline-Kramer-Weg 27,9131,Marchtrenk,Österreich,2007-03-03,Frau,Lehre
K00923,Max,Fröhlich,Leopold-Brenner-Ring 2/0,7359,Groß-Siegharts,Österreich,1996-08-07,Mann,Lehre
K00924,Lilly,Schöpf,Karim-Petz-Ring 228,4857,Dürnstein,Österreich,1975-07-13,Frau,Matura
K00925,Vera,Schöller,Claudia-Klammer-Weg 89,1083,Scheibbs,Österreich,1963-06-13,Mann,Studium
K00926,Arthur,Hammer,Achleitnerweg 152,8107,Oberndorf bei Salzburg,Österreich,2014-07-23,Frau,Studium
K00927,Paula,Meier,Cristiano-Scherz-Straße 3,3828,Trieben,Österreich,1996-03-02,Frau,Lehre
K00928,Julius,Bernhard,Adlergasse 0,3623,Haag,Österreich,2003-03-19,Frau,Matura
K00929,Franz,Gutmann,Danilo-Neuhauser-Platz 57,8119,Pregarten,Österreich,1951-08-16,Frau,Matura
K00930,Alexandra,Schimpl,Rene-Zeiler-Straße 5/9,6701,Melk,Österreich,2001-03-16,Frau,Matura
K00931,Aurora,Ofner,Grossweg 9/6,9166,Straßburg,Österreich,1984-05-01,Mann,Matura
K00932,Hubert,Prem,Maurergasse 83,5514,Gmünd,Österreich,1993-03-04,Divers,Studium
K00933,Veronika,Nagl,Schantlweg 2/2,6658,Mariazell,Österreich,1982-11-21,Mann,Lehre
K00934,Martin,Wittmann,Tothweg 79,4833,Dürnstein,Österreich,1981-06-28,Mann,Matura
K00935,Ruben,Hagen,Brandlweg 546,5956,Bad Sankt Leonhard im Lavanttal,Österreich,1953-12-31,Frau,Lehre
K00936,Constantin,Kremser,Fischerweg 9,4429,Perg,Österreich,1960-11-24,Frau,Studium
K00937,Severin,Riedler,Steigerweg 4,7279,Krems an der Donau,Österreich,1983-01-05,Frau,Matura
K00938,Charlotte,Sauer,Julian-Ortner-Weg 9/6,8205,Bregenz,Österreich,1992-08-20,Frau,Matura
K00939,Danilo,Steininger,Marco-Beer-Platz 54,9800,Schwanenstadt,Österreich,2003-05-23,Mann,Matura
K00940,Erik,Schenk,Glatzweg 848,2395,Feldkirch,Österreich,1976-07-06,Frau,Studium
K00941,Elisabeth,Loidl,Eduard-Lercher-Ring 56,2801,Gmünd,Österreich,1991-07-11,Frau,Matura
K00942,Carlotta,Zangerl,Sascha-Fleischhacker-Straße 3,3741,Bad Radkersburg,Österreich,2011-03-10,Mann,Matura
K00943,Antonella,Hofer,Kunzring 4/4,3837,Gallneukirchen,Österreich,1944-11-03,Mann,Lehre
K00944,Martha,Fuchs,Milan-Stummer-Platz 590,6088,Gmunden,Österreich,1998-12-17,Frau,Studium
K00945,Michaela,Varga,Baumanngasse 40,7882,Bleiburg,Österreich,1951-10-14,Mann,Lehre
K00946,Stephanie,Fichtinger,Lara-Sophie-Kugler-Straße 2/3,4716,Vils,Österreich,1980-03-30,Frau,Lehre
K00947,Paula,Koppensteiner,Götzplatz 06,1672,Gänserndorf,Österreich,1972-11-28,Frau,Matura
K00948,Valentin,Danninger,Leoni-Loidl-Ring 93,9283,Frohnleiten,Österreich,1981-12-28,Frau,Lehre
K00949,Tiffany,Rabl,Theo-Ackerl-Gasse 3/5,9287,Feldkirch,Österreich,1955-02-15,Mann,Matura
K00950,Melissa,Kraus,Thalerplatz 167,8854,Peuerbach,Österreich,1992-02-02,Frau,kein Schulabschluss
K00951,Emilia,Reich,Angela-Zehetner-Gasse 46,8688,Zistersdorf,Österreich,2006-01-28,Frau,kein Schulabschluss
K00952,Darius,Knapp,Hölzlring 2/8,1673,Oberwälz,Österreich,1940-05-16,Frau,Lehre
K00953,Aleksandra,Wittmann,Reichelplatz 30,7953,Waidhofen an der Ybbs,Österreich,2009-06-12,Frau,Lehre
K00954,Charlotte,Reinbacher,Lydia-Feigl-Platz 83,1733,Knittelfeld,Österreich,2000-01-05,Mann,Lehre
K00955,Maurice,Dobler,Bernadette-Huemer-Weg 591,7331,Radstadt,Österreich,1992-10-16,Mann,Studium
K00956,Valentino,Achleitner,Schandlplatz 85,6927,Perg,Österreich,1947-01-04,Divers,Lehre
K00957,Amelie,Steinlechner,Feichterring 0/7,5305,Krems an der Donau,Österreich,1965-01-05,Mann,Matura
K00958,Mario,Dangl,Neugebauerweg 75,4670,Eferding,Österreich,2007-02-08,Frau,Matura
K00959,Sara,Jenewein,Forsterplatz 585,6534,Schärding,Österreich,1987-02-22,Mann,Lehre
K00960,Leona,Stelzer,Steinacherstr. 2,4853,Pregarten,Österreich,2019-07-09,Frau,kein Schulabschluss
K00961,Daniela,Kaltenegger,Bischofring 7/1,1857,Schwaz,Österreich,2003-09-08,Frau,Lehre
K00962,Laura,Steininger,Klausnerstraße 5,9552,Sankt Andrä im Lavanttal,Österreich,2020-12-02,Frau,Lehre
K00963,Nikolas,Lassnig,Katharina-Gmeiner-Gasse 5,4067,Bad Radkersburg,Österreich,1996-07-13,Frau,Matura
K00964,Robert,Berger,Alexandar-Penz-Platz 23,6665,Ferlach,Österreich,1946-06-11,Frau,Lehre
K00965,Claudia,Nagel,Gloria-Werner-Straße 2,3210,Wiener Neustadt,Österreich,1966-04-10,Frau,Matura
K00966,Frederik,Felder,Aichholzerweg 5,1461,Wien,Österreich,1974-08-20,Frau,Matura
K00967,Constanze,Ortner,Herrmanngasse 7,2643,Wien,Österreich,2010-08-25,Frau,Studium
K00968,Heidi,Schober,Schweigergasse 8,3001,Bad Hall,Österreich,1956-06-29,Mann,Studium
K00969,Victoria,Ziegler,Siena-Reichmann-Ring 2/8,5773,Bad Ischl,Österreich,1977-02-27,Frau,Lehre
K00970,Denise,Neubacher,Dopplergasse 043,7661,Rottenmann,Österreich,1997-02-04,Mann,Lehre
K00971,Lena,Waldner,Kopfstr. 8/1,5852,Kindberg,Österreich,2002-08-07,Frau,Matura
K00972,Henri,Gmeiner,Luana-Schmidt-Platz 0/9,1666,Wieselburg,Österreich,1955-07-25,Frau,Matura
K00973,Angela,Wechselberger,William-Pointner-Gasse 928,8197,Bad Sankt Leonhard im Lavanttal,Österreich,1943-04-07,Mann,Lehre
K00974,Nikita,Horn,Laetitia-Hermann-Ring 91,5243,Altheim,Österreich,2021-01-10,Mann,Lehre
K00975,Laila,Nemeth,Luisa-Koppensteiner-Weg 3,6557,Bischofshofen,Österreich,2017-08-15,Mann,Lehre
K00976,Philippa,Widmann,Baderplatz 866,7502,Stockerau,Österreich,1970-03-29,Frau,Matura
K00977,Gabriel,Fellinger,Gärtnerstr. 2,3756,Gloggnitz,Österreich,1960-08-01,Divers,Studium
K00978,Tobias,Gassner,Leon-Maurer-Ring 4,8165,Traismauer,Österreich,1980-03-04,Frau,Lehre
K00979,Vera,Rauscher,Schönbergerplatz 1/1,6678,Imst,Österreich,2011-02-25,Frau,Matura
K00980,Nisa,Unterberger,Nicholas-Putz-Weg 049,4861,Ebenfurth,Österreich,1942-01-02,Mann,Lehre
K00981,Adam,Unterberger,Platzerweg 4/4,2333,Pöchlarn,Österreich,2011-01-09,Frau,Lehre
K00982,Axel,Bachmann,Probststraße 421,9682,Braunau am Inn,Österreich,1992-05-08,Frau,Matura
K00983,Pia,Pöll,Maierweg 3/2,9275,Judenburg,Österreich,1951-08-10,Mann,Lehre
K00984,Annalena,Paul,Hospstraße 107,7636,Friedberg,Österreich,1968-05-14,Mann,kein Schulabschluss
K00985,Jamie,Pfister,Hinterleitnerstr. 761,2760,Berndorf,Österreich,1954-05-18,Mann,Studium
K00986,Heidi,Stocker,Maryam-Martin-Weg 1,9219,Trofaiach,Österreich,1999-04-06,Mann,Matura
K00987,Lucia,Steinberger,Lucie-Pfister-Straße 617,2052,Trofaiach,Österreich,1955-12-29,Mann,Studium
K00988,Kalina,Böhler,Kremserstr. 495,3996,Steyr,Österreich,1959-08-25,Mann,Lehre
K00989,Mert,Martin,Michaela-Tiefenbacher-Weg 9,2675,Traiskirchen,Österreich,2004-01-07,Frau,Studium
K00990,Natalia,Bader,Ella-Gratzer-Straße 3/3,5658,Mürzzuschlag,Österreich,1977-09-01,Mann,Studium
K00991,Nika,Baumann,Schimplstraße 2,9090,Hallein,Österreich,2005-12-30,Mann,Matura
K00992,Rosalie,Steinkellner,Thalerstraße 47,3900,Traun,Österreich,1974-11-20,Mann,Lehre
K00993,Leonardo,Häusler,Jonathan-Hofinger-Platz 4/9,5787,Waidhofen an der Thaya,Österreich,1993-08-04,Frau,Matura
K00994,Emilija,Klaus,Luisa-Kössler-Ring 775,6893,Mürzzuschlag,Österreich,2001-07-31,Mann,Matura
K00995,Sandra,Lagler,Sandro-Ott-Gasse 0/8,4404,Oberwälz,Österreich,2001-02-27,Frau,Lehre
K00996,Martha,Hacker,Blümelstr. 9,5242,Wilhelmsburg,Österreich,1971-11-30,Frau,Lehre
K00997,Pauline,Weber,Kopfstraße 189,4529,Knittelfeld,Österreich,1998-07-19,Frau,Matura
K00998,Gabriel,Seitz,Nino-Ostermann-Gasse 0,1891,Wolkersdorf,Österreich,2010-09-29,Frau,Lehre
K00999,Justin,Lipp,Reifplatz 35,5821,Liezen,Österreich,1958-06-19,Mann,Lehre
